Source,Target,Amount,LND1
6857,957,10,"[[6857, 9278, 4863, 600, 957], np.float64(0.03075), np.int64(160), 5, 'Success']"
82,4530,72,"[[82, 167, 5965, 3083, 4530], np.float64(7e-05), np.int64(254), 5, 'Success']"
10382,2086,459,"[[10382, 10294, 124, 2081, 2086], np.float64(2.8643400000000003), np.int64(264), 5, 'Success']"
12116,5770,2798,"[[12116, 855, 254, 1, 5770], np.float64(1.6801799999999998), np.int64(160), 5, 'Success']"
3451,11045,92111,"[[3451, 857, 321, 11045], np.float64(2.18422), np.int64(120), 4, 'Success']"
6872,6353,439304,"[[6872, 6082, 233, 865, 32, 6353], np.float64(223.9708), np.int64(298), 6, 'Success']"
2912,5199,9190671,"[[2912, 5043, 9488, 5199], np.float64(3898.2540799999997), np.int64(120), 4, 'Failure']"
6562,154,14077481,"[[6562, 32, 154], np.float64(7025.66302), np.int64(184), 3, 'Success']"
9420,12359,7,"[[9420, 7927, 6665, 1067, 12359], np.float64(0.00707), np.int64(264), 5, 'Success']"
6667,7640,77,"[[6667, 48, 2, 7640], np.float64(0.0154), np.int64(98), 4, 'Success']"
11627,9107,494,"[[11627, 63, 10113, 8768, 9107], np.float64(2.27717), np.int64(264), 5, 'Success']"
9497,11874,1707,"[[9497, 535, 12641, 2635, 11874], np.float64(1.67592), np.int64(160), 5, 'Success']"
1311,3258,19575,"[[1311, 2170, 2015, 32, 3258], np.float64(12.807100000000002), np.int64(264), 5, 'Failure']"
3956,5408,282171,"[[3956, 32, 5408], np.float64(141.80333), np.int64(184), 3, 'Success']"
11163,2598,1857252,"[[11163, 42, 398, 2598], np.float64(80.98195), np.int64(122), 4, 'Failure']"
175,89,14363322,"[[175, 173, 141, 89], np.float64(792.23271), np.int64(76), 4, 'Success']"
3501,5250,7,
455,98,61,"[[455, 52, 28, 98], np.float64(3.25402), np.int64(114), 4, 'Success']"
7724,9809,208,"[[7724, 6274, 3083, 9809], np.float64(0.624), np.int64(328), 4, 'Success']"
7950,1264,7348,"[[7950, 1435, 1559, 2728, 1236, 1264], np.float64(23.38538), np.int64(200), 6, 'Success']"
2187,3893,13201,"[[2187, 2081, 3974, 3742, 3893], np.float64(2.59736), np.int64(154), 5, 'Success']"
3239,5545,673064,"[[3239, 612, 11330, 5545], np.float64(1.67306), np.int64(115), 4, 'Success']"
8238,8688,8079460,"[[8238, 313, 6020, 612, 8688], np.float64(422.13278), np.int64(160), 5, 'Failure']"
1415,3488,12091416,"[[1415, 167, 73, 3488], np.float64(2681.20561), np.int64(104), 4, 'Success']"
7421,9529,2,"[[7421, 6274, 9281, 609, 9529], np.float64(0.0062), np.int64(264), 5, 'Success']"
6023,3659,100,"[[6023, 8702, 167, 224, 3184, 3659], np.float64(0.0071), np.int64(190), 6, 'Success']"
8002,3815,179,"[[8002, 1139, 2969, 3815], np.float64(1.57591), np.int64(120), 4, 'Success']"
4169,4243,6180,"[[4169, 3083, 4243], np.float64(0.0), np.int64(184), 3, 'Success']"
5365,5648,34888,"[[5365, 18, 29, 5648], np.float64(1.10467), np.int64(120), 4, 'Success']"
688,11906,724046,"[[688, 18, 715, 11906], np.float64(3.4481), np.int64(120), 4, 'Failure']"
6463,11413,5249180,"[[6463, 12315, 3622, 11413], np.float64(5459.75757), np.int64(218), 4, 'Failure']"
2010,9928,13138252,"[[2010, 2169, 137, 4784, 9928], np.float64(28237.55677), np.int64(258), 5, 'Failure']"
11486,9141,6,"[[11486, 148, 6020, 8768, 9141], np.float64(1.00188), np.int64(264), 5, 'Success']"
633,8038,67,"[[633, 626, 11705, 6562, 7977, 8038], np.float64(3.0009), np.int64(200), 6, 'Success']"
10446,9292,796,"[[10446, 609, 9265, 9292], np.float64(0.08858), np.int64(120), 4, 'Success']"
5303,6336,3604,"[[5303, 3755, 1139, 6320, 6336], np.float64(1.37122), np.int64(160), 5, 'Success']"
10630,13017,10631,"[[10630, 167, 13017], np.float64(0.01063), np.int64(80), 3, 'Success']"
9581,259,685494,"[[9581, 2699, 131, 12260, 259], np.float64(8.16947), np.int64(160), 5, 'Failure']"
3862,564,1555195,"[[3862, 3292, 48, 211, 564], np.float64(402.82023000000004), np.int64(140), 5, 'Failure']"
2177,1348,10167434,
3917,7431,9,"[[3917, 8081, 11361, 3083, 7431], np.float64(0.004529999999999999), np.int64(258), 5, 'Success']"
5759,12671,90,"[[5759, 4822, 2537, 57, 12671], np.float64(18.366970000000002), np.int64(264), 5, 'Success']"
1413,11961,433,"[[1413, 383, 167, 11961], np.float64(0.0407), np.int64(214), 4, 'Success']"
1344,9608,1521,"[[1344, 1236, 6020, 609, 9608], np.float64(1.1521), np.int64(160), 5, 'Success']"
3182,8192,76292,"[[3182, 32, 12325, 8192], np.float64(39.06971), np.int64(218), 4, 'Success']"
3914,8610,933029,"[[3914, 321, 855, 8610], np.float64(188.53902), np.int64(120), 4, 'Failure']"
634,5494,5397505,"[[634, 1579, 233, 5494], np.float64(91.11765), np.int64(114), 4, 'Failure']"
1582,2192,11999184,"[[1582, 321, 855, 2192], np.float64(2412.83838), np.int64(120), 4, 'Success']"
5253,8344,10,"[[5253, 855, 8360, 8344], np.float64(1.00221), np.int64(120), 4, 'Success']"
8845,1411,75,"[[8845, 8844, 1139, 1411], np.float64(0.22508), np.int64(120), 4, 'Success']"
5721,5604,939,"[[5721, 21, 5604], np.float64(1.00094), np.int64(80), 3, 'Success']"
6142,12050,7032,"[[6142, 78, 177, 12050], np.float64(2.63676), np.int64(98), 4, 'Success']"
6432,11770,85572,"[[6432, 480, 126, 600, 11770], np.float64(257.48766), np.int64(160), 5, 'Failure']"
1420,9322,442625,"[[1420, 10, 855, 9322], np.float64(532.23852), np.int64(120), 4, 'Success']"
3015,4096,1011131,"[[3015, 167, 7021, 4096], np.float64(21.23377), np.int64(104), 4, 'Failure']"
2635,612,14406010,"[[2635, 3520, 612], np.float64(10732.47745), np.int64(80), 3, 'Failure']"
11227,9590,4,"[[11227, 11057, 3642, 167, 9590], np.float64(0.012), np.int64(254), 5, 'Success']"
12190,12408,12,"[[12190, 8782, 9968, 12325, 12408], np.float64(1.00001), np.int64(154), 5, 'Success']"
3356,5304,455,"[[3356, 3285, 4822, 5304], np.float64(1.3699999999999999), np.int64(224), 4, 'Success']"
3303,906,2920,"[[3303, 1139, 5868, 600, 906], np.float64(8.765859999999998), np.int64(160), 5, 'Success']"
12748,10379,33838,"[[12748, 3255, 609, 2223, 10294, 10379], np.float64(0.37222), np.int64(304), 6, 'Success']"
698,555,514356,"[[698, 57, 11393, 555], np.float64(32.05402), np.int64(120), 4, 'Failure']"
1343,6234,6395280,"[[1343, 321, 6234], np.float64(7.39528), np.int64(80), 3, 'Success']"
2578,3919,54414971,"[[2578, 321, 78, 3919], np.float64(3050.49137), np.int64(224), 4, 'Failure']"
12408,1079,10,"[[12408, 12325, 173, 174, 1079], np.float64(18.0044), np.int64(132), 5, 'Success']"
1307,5242,14,"[[1307, 1236, 694, 855, 5242], np.float64(0.0451), np.int64(160), 5, 'Success']"
3189,7759,504,"[[3189, 36, 7218, 7759], np.float64(0.0), np.int64(256), 4, 'Success']"
550,13088,2459,"[[550, 321, 167, 13088], np.float64(1.24836), np.int64(224), 4, 'Success']"
10268,526,47092,"[[10268, 32, 2, 526], np.float64(24.49891), np.int64(202), 4, 'Failure']"
866,12050,212346,"[[866, 36, 72, 177, 12050], np.float64(15.990829999999999), np.int64(296), 5, 'Failure']"
8119,319,1075812,"[[8119, 547, 131, 659, 319], np.float64(477.51487), np.int64(540), 5, 'Success']"
11067,87,14432421,"[[11067, 233, 10113, 26, 87], np.float64(12530.04318), np.int64(148), 5, 'Failure']"
5325,10648,4,"[[5325, 2, 7218, 10294, 10648], np.float64(0.0), np.int64(346), 5, 'Success']"
10728,2381,69,"[[10728, 10294, 3520, 351, 324, 2381], np.float64(0.243), np.int64(402), 6, 'Success']"
530,8237,333,"[[530, 364, 15, 222, 8237], np.float64(0.35167000000000004), np.int64(136), 5, 'Success']"
11486,6265,5512,"[[11486, 148, 2597, 6265], np.float64(8.21837), np.int64(302), 4, 'Success']"
8773,1198,50538,"[[8773, 3221, 2575, 1139, 1198], np.float64(153.71538), np.int64(160), 5, 'Success']"
4742,659,578725,"[[4742, 2909, 9928, 659], np.float64(79.12795), np.int64(140), 4, 'Failure']"
2272,447,3604485,"[[2272, 398, 447], np.float64(4.60449), np.int64(184), 3, 'Success']"
2979,3778,13440744,"[[2979, 233, 6587, 4784, 3778], np.float64(22552.419120000002), np.int64(252), 5, 'Failure']"
9273,11327,5,"[[9273, 32, 1139, 11327], np.float64(1.0174999999999998), np.int64(224), 4, 'Success']"
929,10198,56,"[[929, 924, 1139, 3905, 855, 10198], np.float64(0.17986), np.int64(200), 6, 'Success']"
2079,4137,134,"[[2079, 600, 6157, 3083, 4137], np.float64(0.0004), np.int64(264), 5, 'Success']"
12790,10921,4244,"[[12790, 12445, 48, 10921], np.float64(1.8675000000000002), np.int64(122), 4, 'Success']"
7451,10420,31162,"[[7451, 4822, 10294, 10420], np.float64(0.0), np.int64(328), 4, 'Success']"
5492,6193,194157,"[[5492, 5872, 233, 2877, 6193], np.float64(7.3247800000000005), np.int64(154), 5, 'Failure']"
11359,770,2887047,"[[11359, 855, 321, 770], np.float64(867.17204), np.int64(218), 4, 'Success']"
6504,1573,12011460,"[[6504, 321, 1573], np.float64(1202.146), np.int64(184), 3, 'Failure']"
2151,872,2,"[[2151, 2923, 8385, 2223, 600, 872], np.float64(0.006209999999999999), np.int64(200), 6, 'Success']"
1733,5606,11,"[[1733, 1032, 2081, 2537, 894, 5606], np.float64(0.06975999999999999), np.int64(194), 6, 'Success']"
2322,5841,915,"[[2322, 609, 6020, 5841], np.float64(0.0915), np.int64(120), 4, 'Success']"
9621,2972,5429,"[[9621, 6814, 11178, 167, 2972], np.float64(0.27688), np.int64(150), 5, 'Success']"
12066,246,18412,"[[12066, 2877, 29, 246], np.float64(1.0552300000000001), np.int64(120), 4, 'Success']"
136,150,157524,"[[136, 1, 2, 150], np.float64(1.15752), np.int64(202), 4, 'Success']"
5144,3700,6396126,"[[5144, 124, 5899, 3700], np.float64(1477.50658), np.int64(220), 4, 'Failure']"
153,9360,10603883,"[[153, 154, 32, 9360], np.float64(8476.09022), np.int64(212), 4, 'Failure']"
5735,106,1,"[[5735, 10, 36, 106], np.float64(1.00388), np.int64(152), 4, 'Success']"
7005,3790,36,"[[7005, 855, 3790], np.float64(0.0072), np.int64(80), 3, 'Success']"
12363,7485,302,
2119,11574,7029,"[[2119, 2081, 392, 55, 9704, 11574], np.float64(24.91245), np.int64(200), 6, 'Success']"
9534,2722,55058,"[[9534, 3946, 855, 2722], np.float64(34.77885), np.int64(114), 4, 'Failure']"
6668,2959,597115,"[[6668, 32, 2959], np.float64(298.96038), np.int64(184), 3, 'Failure']"
1053,603,2345410,"[[1053, 167, 73, 603], np.float64(133.59309), np.int64(110), 4, 'Success']"
6876,2578,32059283,"[[6876, 855, 2578], np.float64(6411.8566), np.int64(80), 3, 'Failure']"
9825,3806,9,"[[9825, 570, 108, 2223, 3806], np.float64(0.00747), np.int64(122), 5, 'Success']"
5507,9946,53,"[[5507, 233, 3642, 7218, 9946], np.float64(0.00445), np.int64(258), 5, 'Success']"
6942,11210,553,"[[6942, 32, 1121, 11057, 11210], np.float64(1.27595), np.int64(472), 5, 'Success']"
291,8962,8689,"[[291, 2, 8768, 8962], np.float64(0.0), np.int64(202), 4, 'Success']"
9587,8265,66401,"[[9587, 855, 8265], np.float64(0.0664), np.int64(80), 3, 'Success']"
1887,5143,236004,"[[1887, 612, 5143], np.float64(1.236), np.int64(80), 3, 'Success']"
3723,5972,3349230,"[[3723, 73, 177, 5972], np.float64(186.45765), np.int64(98), 4, 'Failure']"
1983,65,10587191,"[[1983, 18, 367, 65], np.float64(540.94727), np.int64(120), 4, 'Failure']"
2745,5441,6,"[[2745, 149, 6020, 4822, 5441], np.float64(0.00101), np.int64(368), 5, 'Success']"
12549,1292,89,"[[12549, 21, 967, 1292], np.float64(1.0089899999999998), np.int64(120), 4, 'Success']"
1260,4265,694,"[[1260, 4196, 233, 6239, 4265], np.float64(0.00139), np.int64(156), 5, 'Success']"
5770,12339,2101,"[[5770, 1, 32, 12339], np.float64(3.0505), np.int64(224), 4, 'Success']"
12209,8849,52149,"[[12209, 609, 8617, 8580, 8849], np.float64(7.78881), np.int64(154), 5, 'Success']"
8857,7521,577962,"[[8857, 29, 7521], np.float64(1.15592), np.int64(80), 3, 'Success']"
13048,285,2993157,"[[13048, 12768, 10113, 12325, 285], np.float64(0.0), np.int64(154), 5, 'Failure']"
8314,2603,29877219,"[[8314, 175, 73, 4833, 2603], np.float64(3288.93447), np.int64(138), 5, 'Success']"
6550,336,6,"[[6550, 6400, 21, 336], np.float64(1.00502), np.int64(120), 4, 'Success']"
9443,11616,95,"[[9443, 21, 11616], np.float64(1.0001), np.int64(80), 3, 'Success']"
4491,9632,601,"[[4491, 9750, 855, 9330, 9632], np.float64(1.02516), np.int64(142), 5, 'Success']"
12507,10699,8762,"[[12507, 10051, 21, 10294, 10699], np.float64(2.01752), np.int64(264), 5, 'Success']"
3769,3928,20017,"[[3769, 4792, 3928], np.float64(3.04258), np.int64(80), 3, 'Success']"
11809,3812,884755,"[[11809, 11278, 11654, 8555, 3812], np.float64(0.88476), np.int64(154), 5, 'Failure']"
12197,1864,9628383,"[[12197, 91, 1864], np.float64(9628.883), np.int64(240), 3, 'Success']"
5530,11317,15702660,"[[5530, 6090, 3520, 855, 6980, 11317], np.float64(10774.62119), np.int64(200), 6, 'Failure']"
4883,1705,1,"[[4883, 4822, 2359, 930, 1705], np.float64(1.00902), np.int64(264), 5, 'Success']"
6622,10710,23,"[[6622, 855, 2223, 10294, 10710], np.float64(0.0046), np.int64(264), 5, 'Success']"
9132,11313,841,"[[9132, 8768, 8688, 48, 11313], np.float64(2.68344), np.int64(264), 5, 'Success']"
1518,10517,3634,"[[1518, 1236, 60, 8167, 10517], np.float64(3.63158), np.int64(160), 5, 'Success']"
12260,4120,30827,"[[12260, 12236, 855, 4120], np.float64(7.09039), np.int64(120), 4, 'Success']"
8441,9577,184109,"[[8441, 5899, 12063, 9577], np.float64(96.84142999999999), np.int64(224), 4, 'Failure']"
3784,24,7512462,"[[3784, 177, 141, 24], np.float64(415.43541), np.int64(98), 4, 'Success']"
12292,185,11336677,"[[12292, 321, 174, 185], np.float64(638.10454), np.int64(114), 4, 'Success']"
1720,9812,9,"[[1720, 924, 1139, 1121, 1137, 9812], np.float64(1.0601), np.int64(304), 6, 'Success']"
11780,5890,92,"[[11780, 600, 5890], np.float64(0.276), np.int64(80), 3, 'Success']"
3827,10178,897,"[[3827, 2622, 314, 10178], np.float64(0.31774), np.int64(224), 4, 'Success']"
3591,8493,1053,"[[3591, 3386, 8493], np.float64(0.21271), np.int64(80), 3, 'Success']"
10633,1058,22488,"[[10633, 314, 6020, 634, 1058], np.float64(27.49), np.int64(368), 5, 'Failure']"
5931,4782,678821,"[[5931, 295, 5965, 855, 4782], np.float64(140.15897999999999), np.int64(154), 5, 'Failure']"
8508,9771,7416143,"[[8508, 2124, 4338, 1011, 9771], np.float64(1559.49003), np.int64(160), 5, 'Failure']"
6498,10318,11755945,"[[6498, 11837, 2734, 10318], np.float64(29390.8625), np.int64(202), 4, 'Failure']"
7765,6122,2,"[[7765, 7011, 8702, 167, 318, 6123, 6122], np.float64(1.00031), np.int64(230), 7, 'Success']"
542,2229,19,"[[542, 45, 3874, 609, 2229], np.float64(0.01059), np.int64(160), 5, 'Success']"
3246,2531,801,"[[3246, 2781, 600, 2531], np.float64(2.40702), np.int64(120), 4, 'Success']"
5439,4507,6997,"[[5439, 9454, 2290, 1609, 4507], np.float64(2.57437), np.int64(160), 5, 'Failure']"
6046,247,13537,"[[6046, 6014, 21, 247], np.float64(1.1489200000000002), np.int64(120), 4, 'Success']"
7520,5885,241291,"[[7520, 57, 177, 5885], np.float64(15.521), np.int64(98), 4, 'Success']"
853,108,7146153,"[[853, 177, 174, 108], np.float64(395.28842), np.int64(98), 4, 'Failure']"
613,12325,84690430,
2998,12952,10,"[[2998, 21, 9515, 609, 12952], np.float64(1.00101), np.int64(160), 5, 'Success']"
3550,11601,89,"[[3550, 3521, 2178, 2425, 40, 11601], np.float64(1.10499), np.int64(190), 6, 'Success']"
7011,9931,335,"[[7011, 11178, 2388, 2851, 9931], np.float64(1.0121), np.int64(160), 5, 'Success']"
6900,8314,5175,"[[6900, 12157, 5027, 175, 8314], np.float64(2.5967499999999997), np.int64(160), 5, 'Success']"
542,8344,47281,"[[542, 21, 6421, 8344], np.float64(2.09456), np.int64(120), 4, 'Failure']"
11827,6214,449549,"[[11827, 321, 6214], np.float64(1.44955), np.int64(80), 3, 'Success']"
8079,702,1091986,"[[8079, 32, 702], np.float64(545.90101), np.int64(184), 3, 'Failure']"
9262,208,11973316,
5935,10578,3,"[[5935, 2560, 233, 3520, 10294, 10578], np.float64(0.00039999999999999996), np.int64(298), 6, 'Success']"
9844,3240,30,"[[9844, 520, 12325, 600, 3240], np.float64(0.09), np.int64(258), 5, 'Success']"
2521,7707,242,"[[2521, 5637, 3277, 7218, 7707], np.float64(0.1452), np.int64(264), 5, 'Success']"
10225,4595,2253,"[[10225, 167, 222, 4595], np.float64(2.2552600000000003), np.int64(110), 4, 'Success']"
6911,11609,71799,"[[6911, 604, 1864, 91, 11609], np.float64(72.37087000000001), np.int64(424), 5, 'Failure']"
6702,6942,620879,"[[6702, 321, 32, 6942], np.float64(312.43981), np.int64(218), 4, 'Success']"
3881,3366,4695492,"[[3881, 855, 3366], np.float64(939.0984), np.int64(80), 3, 'Failure']"
4339,3642,29525717,"[[4339, 6980, 796, 3642], np.float64(1506.8131), np.int64(120), 4, 'Failure']"
881,3805,10,"[[881, 634, 1969, 855, 3805], np.float64(5.01201), np.int64(160), 5, 'Success']"
2819,12902,41,
5300,2295,427,"[[5300, 894, 167, 2296, 2295], np.float64(0.06406), np.int64(144), 5, 'Success']"
11300,2887,5700,"[[11300, 251, 2, 2887], np.float64(0.6213099999999999), np.int64(98), 4, 'Success']"
10118,97,53510,"[[10118, 8688, 167, 97], np.float64(4.8169), np.int64(110), 4, 'Failure']"
1917,6755,520743,"[[1917, 12325, 6755], np.float64(0.0), np.int64(74), 3, 'Failure']"
272,579,1219045,"[[272, 894, 1983, 579], np.float64(182.86285), np.int64(108), 4, 'Success']"
141,494,37390664,"[[141, 175, 174, 507, 494], np.float64(10360.92053), np.int64(116), 5, 'Failure']"
6166,12236,10,"[[6166, 600, 233, 12236], np.float64(0.03488), np.int64(114), 4, 'Success']"
7677,434,96,"[[7677, 6274, 2, 434], np.float64(0.29763), np.int64(202), 4, 'Success']"
12104,7720,275,
5496,12921,3048,"[[5496, 4822, 3083, 8688, 5926, 12921], np.float64(9.41709), np.int64(408), 6, 'Success']"
11802,71,16262,"[[11802, 500, 173, 71], np.float64(1.01626), np.int64(98), 4, 'Success']"
10557,11055,240309,"[[10557, 48, 2189, 11055], np.float64(25.271330000000003), np.int64(120), 4, 'Success']"
3993,4126,4078666,"[[3993, 2909, 8411, 59, 4126], np.float64(317.31235), np.int64(174), 5, 'Failure']"
220,175,15096325,"[[220, 64, 175], np.float64(0.0), np.int64(162), 3, 'Success']"
1049,10076,6,"[[1049, 233, 3642, 7218, 10076], np.float64(0.0005), np.int64(258), 5, 'Success']"
3528,3627,54,"[[3528, 609, 1969, 48, 878, 3627], np.float64(5.00656), np.int64(200), 6, 'Success']"
9237,6518,977,"[[9237, 8768, 8688, 855, 6518], np.float64(3.21522), np.int64(264), 5, 'Success']"
6146,940,2110,"[[6146, 3361, 510, 5097, 600, 940], np.float64(7.867389999999999), np.int64(202), 6, 'Success']"
2353,9260,50840,"[[2353, 3183, 32, 9260], np.float64(26.370160000000002), np.int64(224), 4, 'Success']"
4101,4745,709452,"[[4101, 4008, 4007, 2588, 84, 175, 4745], np.float64(416.97439), np.int64(220), 7, 'Failure']"
3839,10129,1612969,"[[3839, 233, 8782, 10129], np.float64(41.76866), np.int64(114), 4, 'Failure']"
9587,11578,15343078,"[[9587, 488, 18, 173, 59, 11578], np.float64(1769.7557000000002), np.int64(172), 6, 'Failure']"
4601,1601,4,"[[4601, 3083, 3386, 1601], np.float64(0.01246), np.int64(224), 4, 'Success']"
547,4488,88,"[[547, 108, 6221, 4488], np.float64(0.00449), np.int64(480), 4, 'Success']"
11009,1636,539,"[[11009, 10294, 2223, 207, 1636], np.float64(1.6898000000000002), np.int64(264), 5, 'Success']"
11844,5890,5610,"[[11844, 19, 21, 5890], np.float64(1.00561), np.int64(92), 4, 'Success']"
6361,8252,98328,"[[6361, 6025, 5918, 9669, 612, 8252], np.float64(10.06314), np.int64(200), 6, 'Failure']"
2551,354,189579,"[[2551, 91, 6421, 354], np.float64(191.26977), np.int64(274), 4, 'Failure']"
6807,7019,3580896,"[[6807, 321, 2359, 7019], np.float64(23.48539), np.int64(120), 4, 'Success']"
148,59,28298699,"[[148, 177, 59], np.float64(0.0), np.int64(58), 3, 'Success']"
1789,5471,6,"[[1789, 1236, 2537, 5979, 5471], np.float64(0.0183), np.int64(160), 5, 'Success']"
187,8335,25,"[[187, 36, 29, 8335], np.float64(0.06613), np.int64(152), 4, 'Success']"
6837,8528,570,"[[6837, 32, 612, 8528], np.float64(2.2855), np.int64(224), 4, 'Success']"
8016,3453,5442,"[[8016, 1139, 6219, 314, 3453], np.float64(0.02377), np.int64(264), 5, 'Success']"
2583,795,27590,"[[2583, 1139, 17, 2, 795], np.float64(3.56771), np.int64(138), 5, 'Success']"
9722,9432,158340,"[[9722, 1165, 74, 855, 9432], np.float64(74.95332), np.int64(264), 5, 'Success']"
8732,600,1785240,"[[8732, 3292, 148, 600], np.float64(2.78524), np.int64(100), 4, 'Failure']"
3930,303,14695275,"[[3930, 2597, 445, 303], np.float64(14711.98597), np.int64(296), 4, 'Failure']"
2528,6618,1,"[[2528, 1968, 4433, 10159, 142, 6618], np.float64(1.34951), np.int64(200), 6, 'Success']"
7048,6454,24,"[[7048, 1369, 855, 6454], np.float64(1.0098399999999998), np.int64(120), 4, 'Success']"
8538,8339,479,"[[8538, 6980, 8751, 8339], np.float64(0.03214), np.int64(155), 4, 'Success']"
10530,5411,5644,"[[10530, 609, 2706, 4822, 5411], np.float64(0.00564), np.int64(264), 5, 'Success']"
5093,6755,65124,"[[5093, 4822, 2359, 6755], np.float64(196.70159999999998), np.int64(224), 4, 'Failure']"
5972,2261,776546,"[[5972, 6980, 2261], np.float64(38.8273), np.int64(80), 3, 'Success']"
3099,5494,2464000,"[[3099, 48, 5494], np.float64(246.4), np.int64(80), 3, 'Failure']"
6445,8782,13600179,"[[6445, 321, 12556, 233, 8782], np.float64(322.61895999999996), np.int64(148), 5, 'Success']"
6468,927,3,"[[6468, 855, 1817, 1139, 924, 927], np.float64(0.018629999999999997), np.int64(200), 6, 'Success']"
2608,1560,31,"[[2608, 1139, 1560], np.float64(0.093), np.int64(80), 3, 'Success']"
7713,7901,664,"[[7713, 7218, 7901], np.float64(0.0), np.int64(184), 3, 'Success']"
1069,12783,6350,"[[1069, 600, 6184, 12445, 12783], np.float64(2.70982), np.int64(162), 5, 'Success']"
4096,3274,25348,"[[4096, 7027, 32, 3274], np.float64(13.674009999999999), np.int64(224), 4, 'Success']"
3179,3772,591304,"[[3179, 2728, 612, 3772], np.float64(73.73058), np.int64(120), 4, 'Failure']"
4834,3750,1357355,"[[4834, 177, 60, 3750], np.float64(76.90453), np.int64(76), 4, 'Success']"
174,3613,30522511,"[[174, 175, 78, 3613], np.float64(1680.9881), np.int64(76), 4, 'Success']"
11633,2020,6,"[[11633, 111, 21, 2020], np.float64(2.00701), np.int64(120), 4, 'Success']"
5588,6853,89,"[[5588, 18, 6980, 6853], np.float64(1.00454), np.int64(120), 4, 'Success']"
4458,4151,315,"[[4458, 3374, 2537, 3083, 4151], np.float64(0.04095), np.int64(264), 5, 'Success']"
3553,8658,7385,"[[3553, 855, 12325, 1983, 8633, 8658], np.float64(2.69882), np.int64(194), 6, 'Success']"
8249,9530,63129,"[[8249, 8045, 3892, 4261, 9530], np.float64(8.954500000000001), np.int64(160), 5, 'Success']"
7525,5714,122075,"[[7525, 320, 3971, 314, 5714], np.float64(1.25616), np.int64(264), 5, 'Success']"
12479,8155,1125098,"[[12479, 3119, 12315, 2943, 8155], np.float64(1352.46907), np.int64(264), 5, 'Failure']"
3978,103,10262295,"[[3978, 2578, 321, 103], np.float64(26686.53507), np.int64(328), 4, 'Success']"
1563,1873,5,"[[1563, 3152, 2310, 233, 1873], np.float64(1.1002100000000001), np.int64(154), 5, 'Success']"
288,922,11,"[[288, 203, 919, 922], np.float64(0.23377), np.int64(120), 4, 'Success']"
3060,10088,184,"[[3060, 167, 2223, 7218, 10088], np.float64(0.00018), np.int64(254), 5, 'Success']"
5508,7076,9604,"[[5508, 3520, 6274, 7076], np.float64(0.41297), np.int64(218), 4, 'Success']"
6892,12857,23757,"[[6892, 32, 254, 12857], np.float64(13.87901), np.int64(224), 4, 'Success']"
8049,8557,522871,"[[8049, 425, 48, 12315, 8557], np.float64(851.78485), np.int64(271), 5, 'Failure']"
11513,3646,1498327,"[[11513, 855, 3646], np.float64(299.6654), np.int64(80), 3, 'Success']"
6422,56,63503742,"[[6422, 445, 177, 56], np.float64(64.50374), np.int64(98), 4, 'Failure']"
1376,2371,6,"[[1376, 18, 600, 1945, 2371], np.float64(1.03606), np.int64(160), 5, 'Success']"
8812,7184,62,"[[8812, 8768, 6274, 7184], np.float64(0.0), np.int64(328), 4, 'Success']"
4654,6562,550,"[[4654, 3083, 7952, 6562], np.float64(1.70516), np.int64(224), 4, 'Success']"
12558,3344,8940,"[[12558, 167, 177, 3344], np.float64(2.7506399999999998), np.int64(110), 4, 'Success']"
2910,3333,98517,"[[2910, 18, 3333], np.float64(1.09852), np.int64(80), 3, 'Failure']"
150,2433,959860,"[[150, 4074, 445, 2433], np.float64(2.05986), np.int64(120), 4, 'Failure']"
6463,138,6995005,"[[6463, 12315, 177, 62, 138], np.float64(7382.36726), np.int64(236), 5, 'Failure']"
3400,3769,11652903,"[[3400, 32, 3769], np.float64(5815.7986), np.int64(184), 3, 'Success']"
616,7138,3,"[[616, 600, 10345, 3561, 7138], np.float64(0.00945), np.int64(160), 5, 'Success']"
8688,8737,82,"[[8688, 855, 8737], np.float64(0.0164), np.int64(80), 3, 'Success']"
6565,10677,849,"[[6565, 56, 11532, 10294, 10677], np.float64(2.31113), np.int64(264), 5, 'Success']"
8875,4219,2857,"[[8875, 8768, 6274, 3083, 4219], np.float64(0.0), np.int64(472), 5, 'Success']"
4687,3020,20966,"[[4687, 445, 11, 3020], np.float64(4.1176699999999995), np.int64(224), 4, 'Success']"
4641,3437,483873,"[[4641, 4770, 855, 4749, 3437], np.float64(107.93798), np.int64(160), 5, 'Failure']"
10296,2077,4579345,"[[10296, 233, 131, 2077], np.float64(19.31739), np.int64(114), 4, 'Success']"
3642,869,76342658,"[[3642, 445, 175, 64, 869], np.float64(4278.44305), np.int64(138), 5, 'Success']"
6024,2248,2,"[[6024, 21, 3395, 600, 2248], np.float64(1.006), np.int64(160), 5, 'Success']"
11966,9660,85,
11332,12998,887,
8282,449,1928,"[[8282, 855, 169, 449], np.float64(0.96025), np.int64(98), 4, 'Success']"
4180,4884,56349,"[[4180, 8419, 6010, 609, 2223, 4822, 4884], np.float64(5.69126), np.int64(344), 7, 'Failure']"
8746,11666,442227,"[[8746, 63, 2078, 2751, 11666], np.float64(71.79782), np.int64(160), 5, 'Failure']"
7125,10300,1610280,
5916,6121,10607718,"[[5916, 62, 177, 56, 6855, 6121], np.float64(6950.65534), np.int64(156), 6, 'Failure']"
11041,1976,7,"[[11041, 10294, 2223, 609, 1976], np.float64(0.021840000000000002), np.int64(264), 5, 'Success']"
3330,4753,84,"[[3330, 32, 795, 4753], np.float64(1.0839400000000001), np.int64(328), 4, 'Success']"
11887,5691,477,"[[11887, 167, 2706, 4822, 5691], np.float64(0.00048), np.int64(254), 5, 'Success']"
10013,6500,3536,"[[10013, 9842, 9843, 1887, 48, 2721, 6500], np.float64(11.286430000000001), np.int64(240), 7, 'Success']"
4737,13001,93056,"[[4737, 314, 97, 13001], np.float64(1.09506), np.int64(224), 4, 'Failure']"
2388,2425,603359,"[[2388, 4038, 2425], np.float64(3.0168), np.int64(80), 3, 'Success']"
5842,4851,1742333,"[[5842, 383, 3086, 4851], np.float64(838.1158), np.int64(114), 4, 'Failure']"
8289,10159,31329040,
2806,11479,6,"[[2806, 5778, 609, 11479], np.float64(0.00119), np.int64(120), 4, 'Success']"
11194,10713,61,"[[11194, 11067, 124, 10294, 10713], np.float64(0.020130000000000002), np.int64(264), 5, 'Success']"
1488,8311,863,"[[1488, 1236, 6020, 609, 8311], np.float64(1.0863), np.int64(160), 5, 'Success']"
11524,304,6078,"[[11524, 3769, 167, 70, 304], np.float64(20.68652), np.int64(150), 5, 'Success']"
12693,776,62081,"[[12693, 32, 600, 776], np.float64(218.31435), np.int64(224), 4, 'Success']"
10217,6562,716778,"[[10217, 612, 3974, 6562], np.float64(1.71678), np.int64(120), 4, 'Success']"
9551,3968,6437556,"[[9551, 1577, 167, 3968], np.float64(38.62537), np.int64(110), 4, 'Failure']"
3935,407,14304502,"[[3935, 141, 321, 2189, 407], np.float64(4449.0050599999995), np.int64(160), 5, 'Failure']"
10707,2703,10,"[[10707, 10294, 4822, 2, 2703], np.float64(0.031), np.int64(346), 5, 'Success']"
9935,3532,38,"[[9935, 7218, 3642, 207, 3532], np.float64(10.16486), np.int64(264), 5, 'Success']"
12766,5212,751,"[[12766, 12767, 12791, 32, 76, 5212], np.float64(4.3775), np.int64(304), 6, 'Success']"
3915,2059,5706,"[[3915, 174, 2, 2059], np.float64(3.13446), np.int64(98), 4, 'Success']"
10412,8371,45198,"[[10412, 10294, 4822, 5040, 8371], np.float64(136.68200000000002), np.int64(368), 5, 'Success']"
9750,6006,111257,"[[9750, 321, 8168, 6006], np.float64(5.56154), np.int64(114), 4, 'Success']"
9387,6189,3249995,"[[9387, 5965, 18, 5289, 6189], np.float64(585.99968), np.int64(154), 5, 'Failure']"
1595,77,10287903,"[[1595, 321, 55, 77], np.float64(579.37313), np.int64(120), 4, 'Failure']"
3370,10528,6,"[[3370, 148, 2362, 1559, 10527, 10528], np.float64(2.00098), np.int64(200), 6, 'Success']"
7307,10632,69,"[[7307, 7218, 3642, 149, 10632], np.float64(0.21499000000000001), np.int64(368), 5, 'Success']"
10688,12499,815,"[[10688, 10294, 124, 1139, 12499], np.float64(5.08591), np.int64(264), 5, 'Success']"
9605,3935,6944,"[[9605, 609, 124, 3935], np.float64(1.60407), np.int64(120), 4, 'Success']"
12600,11571,79554,
11182,6386,955810,
547,3435,9874088,"[[547, 855, 3435], np.float64(1974.8176), np.int64(460), 3, 'Failure']"
969,6689,11574088,"[[969, 1983, 48, 6689], np.float64(2314.9333399999996), np.int64(120), 4, 'Success']"
9470,3431,9,"[[9470, 233, 12325, 855, 3431], np.float64(0.00198), np.int64(148), 5, 'Success']"
5124,8612,91,"[[5124, 4822, 10113, 12325, 8612], np.float64(0.273), np.int64(258), 5, 'Success']"
30,3586,339,"[[30, 2, 3083, 3586], np.float64(0.0), np.int64(306), 4, 'Success']"
8941,11535,3926,"[[8941, 8768, 2, 32, 11535], np.float64(14.74595), np.int64(346), 5, 'Failure']"
3294,293,17093,"[[3294, 32, 293], np.float64(9.52941), np.int64(184), 3, 'Success']"
3863,5697,279656,"[[3863, 3862, 855, 5697], np.float64(84.90239), np.int64(120), 4, 'Failure']"
8265,12431,2374774,"[[8265, 12325, 12431], np.float64(0.0), np.int64(74), 3, 'Success']"
141,48,90629842,"[[141, 175, 48], np.float64(4986.89131), np.int64(58), 3, 'Success']"
8267,10346,5,"[[8267, 18, 2590, 233, 10346], np.float64(1.0000600000000002), np.int64(154), 5, 'Success']"
12902,479,29,
10591,7877,228,"[[10591, 10294, 2223, 6274, 7877], np.float64(0.684), np.int64(368), 5, 'Success']"
8460,10221,5979,"[[8460, 10221], 0, np.int64(40), 2, 'Success']"
1848,9304,23408,"[[1848, 8089, 167, 9304], np.float64(1.2574999999999998), np.int64(120), 4, 'Success']"
6312,6838,803904,"[[6312, 2390, 604, 6838], np.float64(81.19438), np.int64(224), 4, 'Failure']"
4486,6669,1165936,"[[4486, 447, 32, 6669], np.float64(700.45394), np.int64(224), 4, 'Failure']"
154,207,37088628,"[[154, 48, 6184, 207], np.float64(40802.199759999996), np.int64(114), 4, 'Failure']"
9057,2662,1,"[[9057, 8768, 2, 456, 2662], np.float64(0.00312), np.int64(242), 5, 'Success']"
8664,11487,100,"[[8664, 32, 6935, 4994, 11487], np.float64(1.0538), np.int64(258), 5, 'Success']"
1362,9765,727,"[[1362, 1139, 17, 84, 9765], np.float64(1.4601999999999997), np.int64(160), 5, 'Success']"
9400,12973,6956,"[[9400, 314, 12973], np.float64(0.01591), np.int64(184), 3, 'Success']"
9538,11337,10138,"[[9538, 21, 3529, 855, 11337], np.float64(3.0377400000000003), np.int64(160), 5, 'Failure']"
12189,12854,388333,"[[12189, 32, 12325, 9795, 12854], np.float64(272.48352), np.int64(258), 5, 'Failure']"
539,1833,3201157,"[[539, 969, 3784, 398, 1833], np.float64(876.37211), np.int64(160), 5, 'Success']"
59,8260,83153964,"[[59, 173, 855, 8260], np.float64(5407.30339), np.int64(98), 4, 'Success']"
1583,1283,10,"[[1583, 609, 1969, 1283], np.float64(2e-05), np.int64(120), 4, 'Success']"
192,4708,28,"[[192, 36, 1139, 4708], np.float64(0.084), np.int64(146), 4, 'Success']"
6792,9564,813,"[[6792, 612, 9564], np.float64(1.00081), np.int64(80), 3, 'Success']"
7923,11208,5855,"[[7923, 600, 6184, 1579, 11208], np.float64(0.5527099999999999), np.int64(160), 5, 'Success']"
11560,11454,21408,"[[11560, 600, 2223, 1059, 11454], np.float64(24.402030000000003), np.int64(138), 5, 'Success']"
12531,3299,254223,"[[12531, 233, 11178, 6814, 3299], np.float64(77.79556), np.int64(154), 5, 'Failure']"
2656,9705,2608425,"[[2656, 32, 7396, 9880, 9705], np.float64(1828.16034), np.int64(264), 5, 'Failure']"
3551,2877,52547568,
5278,1172,4,"[[5278, 108, 570, 1139, 1172], np.float64(0.01222), np.int64(122), 5, 'Success']"
5975,12126,17,"[[5975, 3642, 167, 12126], np.float64(2e-05), np.int64(110), 4, 'Success']"
2148,11900,557,"[[2148, 175, 173, 855, 11900], np.float64(2.39204), np.int64(138), 5, 'Success']"
10992,11916,1883,"[[10992, 10294, 7218, 254, 261, 11916], np.float64(6.73325), np.int64(408), 6, 'Success']"
3174,2721,86805,"[[3174, 549, 167, 2721], np.float64(0.7812399999999999), np.int64(110), 4, 'Success']"
265,30,953705,"[[265, 321, 71, 30], np.float64(56.657540000000004), np.int64(224), 4, 'Success']"
216,10626,2592459,"[[216, 3642, 84, 10518, 10626], np.float64(55.441689999999994), np.int64(160), 5, 'Failure']"
3163,10171,12958906,"[[3163, 855, 10171], np.float64(2591.7812), np.int64(60), 3, 'Failure']"
6515,1933,5,"[[6515, 314, 5060, 547, 1930, 1933], np.float64(0.0192), np.int64(684), 6, 'Success']"
11942,2449,15,"[[11942, 3319, 26, 393, 2449], np.float64(0.02203), np.int64(154), 5, 'Success']"
4578,10400,469,"[[4578, 3083, 7218, 10294, 10400], np.float64(0.0), np.int64(472), 5, 'Success']"
3647,151,3951,"[[3647, 124, 154, 151], np.float64(3.09453), np.int64(114), 4, 'Success']"
1586,6783,91131,"[[1586, 59, 392, 21, 3884, 6783], np.float64(10.45597), np.int64(200), 6, 'Failure']"
9389,28,445510,"[[9389, 9278, 445, 5, 28], np.float64(4.3255300000000005), np.int64(264), 5, 'Success']"
11295,2537,1088636,"[[11295, 2562, 2537], np.float64(38.00362), np.int64(80), 3, 'Failure']"
5773,55,12670201,"[[5773, 855, 173, 55], np.float64(2534.0402), np.int64(98), 4, 'Success']"
7228,10014,5,"[[7228, 6274, 5043, 3221, 5778, 10014], np.float64(0.01551), np.int64(304), 6, 'Success']"
132,4055,70,"[[132, 48, 2, 3083, 4055], np.float64(0.007), np.int64(242), 5, 'Success']"
3655,5247,519,"[[3655, 4261, 32, 5247], np.float64(1.298), np.int64(224), 4, 'Success']"
7025,5326,1959,"[[7025, 32, 5326], np.float64(1.97754), np.int64(184), 3, 'Success']"
3973,405,90326,"[[3973, 652, 6035, 26, 405], np.float64(72.77871), np.int64(148), 5, 'Success']"
11752,2651,298585,"[[11752, 314, 748, 2651], np.float64(1.89776), np.int64(224), 4, 'Failure']"
5560,12578,3567146,"[[5560, 547, 855, 12578], np.float64(7246.17981), np.int64(500), 4, 'Success']"
1000,6628,19834637,"[[1000, 32, 2597, 6631, 6628], np.float64(31730.456739999998), np.int64(440), 5, 'Failure']"
6513,11241,5,"[[6513, 6326, 5322, 8499, 483, 11241], np.float64(1.00621), np.int64(292), 6, 'Success']"
8439,13111,45,"[[8439, 8366, 6631, 2255, 167, 13111], np.float64(0.00135), np.int64(184), 6, 'Success']"
11985,189,807,"[[11985, 8057, 894, 189], np.float64(0.16786), np.int64(114), 4, 'Success']"
5548,7041,7162,"[[5548, 5355, 21, 6643, 7041], np.float64(1.1504), np.int64(160), 5, 'Failure']"
1199,11522,42272,"[[1199, 1139, 70, 62, 3730, 11522], np.float64(5.744120000000001), np.int64(178), 6, 'Success']"
12410,6593,599029,"[[12410, 612, 6593], np.float64(1.59903), np.int64(80), 3, 'Success']"
647,531,3773185,"[[647, 445, 2622, 531], np.float64(1699.06531), np.int64(224), 4, 'Failure']"
5002,794,14941832,"[[5002, 420, 445, 698, 794], np.float64(16455.46775), np.int64(264), 5, 'Failure']"
11535,8194,7,"[[11535, 32, 5199, 3696, 8194], np.float64(11.00862), np.int64(264), 5, 'Success']"
8545,2671,11,"[[8545, 609, 1356, 2671], np.float64(0.00012), np.int64(120), 4, 'Success']"
4628,3043,249,"[[4628, 3083, 2706, 609, 3043], np.float64(0.74725), np.int64(264), 5, 'Success']"
9574,7103,8326,"[[9574, 233, 5043, 6274, 7103], np.float64(0.29974), np.int64(258), 5, 'Success']"
1766,12836,82261,"[[1766, 381, 9809, 6503, 12836], np.float64(3.7274899999999995), np.int64(154), 5, 'Success']"
3029,3383,540437,"[[3029, 2778, 32, 3383], np.float64(442.89036), np.int64(224), 4, 'Failure']"
2198,6700,3279228,"[[2198, 32, 6700], np.float64(1637.33477), np.int64(184), 3, 'Success']"
4306,12302,14068998,"[[4306, 173, 137, 12119, 12302], np.float64(6650.45611), np.int64(164), 5, 'Failure']"
6091,5370,9,"[[6091, 600, 6010, 609, 3349, 5370], np.float64(0.004539999999999999), np.int64(200), 6, 'Success']"
5568,12688,28,"[[5568, 855, 12315, 12688], np.float64(0.03361), np.int64(224), 4, 'Success']"
12053,7379,986,"[[12053, 21, 7218, 7379], np.float64(1.00099), np.int64(224), 4, 'Success']"
10027,3974,7213,"[[10027, 320, 148, 3974], np.float64(2.9304699999999997), np.int64(120), 4, 'Success']"
1109,12228,10504,"[[1109, 600, 6010, 855, 12228], np.float64(2.13232), np.int64(160), 5, 'Success']"
1856,4691,534541,"[[1856, 79, 18, 4691], np.float64(45.2004), np.int64(114), 4, 'Success']"
254,4977,7232639,"[[254, 8278, 18, 4977], np.float64(16.46529), np.int64(120), 4, 'Failure']"
5048,2635,52492526,"[[5048, 56, 177, 55, 2635], np.float64(11557.35572), np.int64(116), 5, 'Failure']"
2977,1778,1,"[[2977, 192, 2, 1778], np.float64(1.00011), np.int64(92), 4, 'Success']"
12728,617,28,"[[12728, 81, 254, 534, 617], np.float64(1.04841), np.int64(148), 5, 'Success']"
3448,4134,620,"[[3448, 32, 2, 3083, 4134], np.float64(1.30938), np.int64(346), 5, 'Success']"
3309,1721,1009,"[[3309, 36, 1672, 1721], np.float64(3.027), np.int64(152), 4, 'Success']"
7595,1810,39726,"[[7595, 6274, 2, 321, 1810], np.float64(120.22085000000001), np.int64(242), 5, 'Success']"
11702,9750,336768,"[[11702, 12325, 167, 9750], np.float64(0.33677), np.int64(104), 4, 'Failure']"
6629,5307,1551489,"[[6629, 3883, 321, 5307], np.float64(202.55149), np.int64(120), 4, 'Failure']"
5979,86,36937218,"[[5979, 12315, 32, 86], np.float64(55388.32245000001), np.int64(328), 4, 'Failure']"
5411,2274,6,
536,8167,66,"[[536, 142, 10113, 12325, 8167], np.float64(0.88127), np.int64(258), 5, 'Success']"
5904,185,999,"[[5904, 723, 185], np.float64(0.01498), np.int64(74), 3, 'Success']"
10941,5344,4144,"[[10941, 10294, 4822, 5344], np.float64(0.0), np.int64(328), 4, 'Success']"
4622,9790,51917,"[[4622, 3083, 5965, 18, 3003, 9790], np.float64(157.86114999999998), np.int64(304), 6, 'Success']"
2765,236,684362,"[[2765, 628, 18, 32, 236], np.float64(362.29899000000006), np.int64(258), 5, 'Success']"
11502,2595,1437145,"[[11502, 445, 855, 2595], np.float64(289.86643), np.int64(120), 4, 'Success']"
56,6980,61332293,"[[56, 613, 12315, 177, 796, 6980], np.float64(202917.99252000003), np.int64(304), 6, 'Failure']"
9260,6024,6,"[[9260, 32, 382, 21, 6024], np.float64(2.0035), np.int64(228), 5, 'Success']"
8799,3230,98,"[[8799, 8768, 8688, 609, 3230], np.float64(0.2941), np.int64(264), 5, 'Success']"
10551,1385,869,"[[10551, 609, 1385], np.float64(0.00087), np.int64(80), 3, 'Success']"
8440,5034,2389,"[[8440, 2584, 855, 5034], np.float64(2.6725399999999997), np.int64(120), 4, 'Success']"
2497,6491,11453,"[[2497, 86, 21, 6491], np.float64(2.0229), np.int64(224), 4, 'Success']"
331,3021,180713,
6394,11702,1432721,"[[6394, 6424, 6200, 12325, 11702], np.float64(71.63605), np.int64(154), 5, 'Failure']"
855,12302,18399203,"[[855, 42, 3067, 12119, 12302], np.float64(7839.7590900000005), np.int64(150), 5, 'Failure']"
2093,2795,9,"[[2093, 2081, 2537, 6722, 2795], np.float64(0.02765), np.int64(160), 5, 'Success']"
11955,5490,34,"[[11955, 463, 4092, 855, 5490], np.float64(0.0238), np.int64(160), 5, 'Success']"
1424,631,419,"[[1424, 21, 631], np.float64(1.00042), np.int64(80), 3, 'Success']"
5082,255,1574,"[[5082, 4822, 2537, 48, 255], np.float64(4.89566), np.int64(264), 5, 'Success']"
2994,11635,33109,"[[2994, 18, 2559, 11635], np.float64(1.03311), np.int64(120), 4, 'Success']"
9560,10773,155979,"[[9560, 855, 91, 10773], np.float64(187.70610000000002), np.int64(280), 4, 'Failure']"
6358,602,1378047,"[[6358, 5552, 2721, 15, 602], np.float64(68.52537000000001), np.int64(136), 5, 'Failure']"
65,3352,13971064,"[[65, 367, 321, 173, 3352], np.float64(2182.81531), np.int64(154), 5, 'Failure']"
6573,11935,10,"[[6573, 3400, 2537, 11935], np.float64(0.00173), np.int64(120), 4, 'Success']"
5494,12150,28,"[[5494, 612, 12150], np.float64(1.00003), np.int64(80), 3, 'Success']"
2318,9302,340,"[[2318, 173, 177, 9302], np.float64(2.2687), np.int64(98), 4, 'Success']"
6808,7240,4114,"[[6808, 149, 3642, 6274, 7240], np.float64(0.21081), np.int64(368), 5, 'Success']"
5628,4036,29004,"[[5628, 32, 2425, 4036], np.float64(15.473), np.int64(224), 4, 'Failure']"
11626,1816,489625,"[[11626, 91, 12325, 6095, 1816], np.float64(528.84406), np.int64(314), 5, 'Success']"
3286,7952,4601745,"[[3286, 59, 398, 32, 7952], np.float64(2558.3474300000003), np.int64(264), 5, 'Failure']"
64,6980,67773568,"[[64, 2359, 796, 6980], np.float64(408.64175), np.int64(120), 4, 'Failure']"
11968,9664,7,"[[11968, 57, 167, 7124, 9664], np.float64(3.2504600000000003), np.int64(150), 5, 'Success']"
1446,851,100,"[[1446, 2706, 634, 851], np.float64(5.1), np.int64(224), 4, 'Success']"
2777,10033,464,"[[2777, 21, 799, 677, 10033], np.float64(1.01345), np.int64(154), 5, 'Success']"
8647,4994,9556,"[[8647, 8591, 383, 2562, 4994], np.float64(3.66614), np.int64(150), 5, 'Success']"
10226,10172,18397,"[[10226, 1293, 18, 4783, 21, 10172], np.float64(3.0552), np.int64(200), 6, 'Failure']"
18,6507,415344,"[[18, 5027, 6948, 6507], np.float64(22.23256), np.int64(120), 4, 'Success']"
11836,39,2797430,"[[11836, 148, 1511, 39], np.float64(3876.10354), np.int64(120), 4, 'Failure']"
4438,11295,10790225,"[[4438, 175, 321, 11295], np.float64(2394.6423099999997), np.int64(120), 4, 'Failure']"
11496,1348,5,"[[11496, 2877, 652, 1348], np.float64(1.0001600000000002), np.int64(120), 4, 'Success']"
9682,8267,34,"[[9682, 18, 8267], np.float64(1.00003), np.int64(80), 3, 'Success']"
2407,5077,776,"[[2407, 600, 6079, 4822, 5077], np.float64(0.00311), np.int64(264), 5, 'Success']"
358,10188,5788,"[[358, 42, 149, 10188], np.float64(0.36989), np.int64(226), 4, 'Success']"
1860,6292,21918,"[[1860, 314, 2223, 6274, 6292], np.float64(0.002), np.int64(359), 5, 'Success']"
5009,985,749979,"[[5009, 504, 398, 985], np.float64(151.74613), np.int64(120), 4, 'Failure']"
3935,22,2327005,"[[3935, 167, 62, 22], np.float64(523.26863), np.int64(110), 4, 'Success']"
6020,9542,18072340,"[[6020, 3292, 6876, 301, 9542], np.float64(18800.113129999998), np.int64(140), 5, 'Failure']"
10788,11800,8,"[[10788, 48, 8688, 609, 11800], np.float64(0.0016), np.int64(160), 5, 'Success']"
11711,3384,98,"[[11711, 3759, 463, 3328, 3384], np.float64(0.94411), np.int64(264), 5, 'Success']"
12931,12826,200,"[[12931, 21, 11482, 91, 12826], np.float64(1.7002), np.int64(320), 5, 'Success']"
9515,12938,4048,"[[9515, 149, 173, 12938], np.float64(19.78619), np.int64(224), 4, 'Success']"
294,8843,67037,"[[294, 149, 855, 8843], np.float64(13.47545), np.int64(224), 4, 'Success']"
10196,3738,144813,"[[10196, 664, 182, 855, 3738], np.float64(31.252279999999995), np.int64(160), 5, 'Failure']"
8290,5570,1667208,"[[8290, 2899, 612, 5056, 5570], np.float64(2113.98492), np.int64(150), 5, 'Failure']"
11576,6596,13439165,"[[11576, 63, 50, 5975, 6596], np.float64(1077.40167), np.int64(138), 5, 'Failure']"
5135,9857,6,"[[5135, 233, 12325, 32, 9857], np.float64(1.00313), np.int64(252), 5, 'Success']"
10889,11882,22,"[[10889, 6274, 36, 600, 11443, 11882], np.float64(0.13222), np.int64(336), 6, 'Success']"
11217,4524,759,"[[11217, 11057, 4822, 3083, 4524], np.float64(0.0), np.int64(472), 5, 'Success']"
269,7224,1729,"[[269, 233, 5043, 6274, 7224], np.float64(0.06225), np.int64(258), 5, 'Success']"
665,11549,11925,"[[665, 664, 182, 855, 11549], np.float64(4.40886), np.int64(160), 5, 'Success']"
6101,6092,125700,"[[6101, 66, 173, 6108, 6092], np.float64(10.28926), np.int64(138), 5, 'Success']"
192,8367,3808104,"[[192, 154, 32, 8367], np.float64(3045.24547), np.int64(212), 4, 'Success']"
6418,498,56696507,"[[6418, 445, 55, 498], np.float64(3178.25751), np.int64(120), 4, 'Failure']"
9913,8079,5,"[[9913, 4792, 3093, 8079], np.float64(0.00037), np.int64(120), 4, 'Success']"
5824,764,93,"[[5824, 207, 2640, 600, 764], np.float64(0.31572000000000006), np.int64(160), 5, 'Success']"
11984,4768,289,"[[11984, 855, 6020, 4768], np.float64(0.0578), np.int64(120), 4, 'Success']"
8504,2761,3176,
2088,3465,26346,"[[2088, 2081, 3974, 314, 3465], np.float64(1.4762300000000002), np.int64(264), 5, 'Success']"
3055,6614,910418,"[[3055, 173, 55, 1454, 6614], np.float64(52.32299), np.int64(130), 5, 'Failure']"
3352,10459,3149573,"[[3352, 2359, 10459], np.float64(16.74786), np.int64(80), 3, 'Failure']"
3935,3292,14431316,"[[3935, 141, 173, 3292], np.float64(795.97238), np.int64(98), 4, 'Failure']"
10621,5428,10,"[[10621, 10294, 4822, 5428], np.float64(0.0), np.int64(328), 4, 'Success']"
8900,6046,56,"[[8900, 8768, 2, 5812, 6046], np.float64(0.17923), np.int64(242), 5, 'Success']"
1204,11228,542,"[[1204, 634, 124, 11057, 11228], np.float64(5.66678), np.int64(264), 5, 'Success']"
388,11968,2406,"[[388, 18, 177, 57, 11968], np.float64(10.531740000000001), np.int64(138), 5, 'Success']"
786,372,78643,"[[786, 2290, 4479, 372], np.float64(7.86437), np.int64(128), 4, 'Success']"
8206,8067,202027,"[[8206, 91, 12325, 6760, 8067], np.float64(202.72923), np.int64(314), 5, 'Success']"
10192,5254,1746835,"[[10192, 9488, 18, 321, 5254], np.float64(216.11779), np.int64(264), 5, 'Failure']"
4682,4687,13564650,"[[4682, 1396, 56, 4687], np.float64(2444.98054), np.int64(108), 4, 'Success']"
1145,12518,3,"[[1145, 1139, 6362, 12325, 12518], np.float64(10029.006), np.int64(154), 5, 'Failure']"
11328,8302,16,"[[11328, 11067, 124, 634, 1218, 8302], np.float64(6.024280000000001), np.int64(304), 6, 'Failure']"
2345,825,824,"[[2345, 1369, 6020, 801, 825], np.float64(3.51415), np.int64(160), 5, 'Success']"
66,1101,7026,"[[66, 18, 1101], np.float64(1.00703), np.int64(80), 3, 'Success']"
278,6436,70101,"[[278, 18, 66, 6436], np.float64(7.175669999999999), np.int64(218), 4, 'Failure']"
12778,4699,184477,"[[12778, 91, 9596, 609, 4699], np.float64(185.16166), np.int64(304), 5, 'Failure']"
8110,3213,2269958,"[[8110, 10153, 11321, 233, 3213], np.float64(253.76816), np.int64(154), 5, 'Failure']"
1318,1236,38341681,"[[1318, 173, 60, 1236], np.float64(2111.04246), np.int64(98), 4, 'Success']"
6046,2445,9,"[[6046, 855, 2223, 2445], np.float64(0.01005), np.int64(120), 4, 'Success']"
9392,10100,20,"[[9392, 600, 2223, 7218, 10100], np.float64(0.02), np.int64(264), 5, 'Success']"
3595,874,715,"[[3595, 194, 600, 874], np.float64(2.21671), np.int64(120), 4, 'Success']"
3363,4994,3290,"[[3363, 48, 5938, 4994], np.float64(0.46719), np.int64(120), 4, 'Success']"
8364,12372,83807,"[[8364, 612, 12372], np.float64(1.08381), np.int64(80), 3, 'Success']"
3558,2078,131284,"[[3558, 84, 216, 2078], np.float64(5.17597), np.int64(100), 4, 'Success']"
1511,8732,4151402,"[[1511, 576, 62, 8732], np.float64(235.72874000000002), np.int64(120), 4, 'Success']"
2943,463,12826617,"[[2943, 177, 50, 10113, 463], np.float64(707.71394), np.int64(138), 5, 'Failure']"
1237,6409,1,"[[1237, 1236, 233, 4851, 6409], np.float64(2.05658), np.int64(154), 5, 'Success']"
11087,6010,34,"[[11087, 11057, 1121, 600, 6010], np.float64(0.1021), np.int64(368), 5, 'Success']"
9808,348,982,"[[9808, 18, 348], np.float64(1.00098), np.int64(80), 3, 'Success']"
10152,2503,4024,"[[10152, 2618, 203, 172, 2503], np.float64(20.39223), np.int64(160), 5, 'Success']"
6548,12573,64661,"[[6548, 855, 12573], np.float64(12.9322), np.int64(80), 3, 'Success']"
8698,1443,373794,"[[8698, 88, 1443], np.float64(22.80867), np.int64(80), 3, 'Success']"
3191,5216,1502580,"[[3191, 32, 5216], np.float64(750.78742), np.int64(184), 3, 'Success']"
12153,1898,11645280,"[[12153, 6562, 2189, 855, 1898], np.float64(4672.227750000001), np.int64(160), 5, 'Failure']"
12520,11694,5,"[[12520, 855, 2706, 609, 11694], np.float64(0.0015), np.int64(160), 5, 'Success']"
970,10855,72,"[[970, 600, 2223, 8768, 10855], np.float64(0.072), np.int64(264), 5, 'Success']"
4642,1230,256,"[[4642, 3083, 6157, 600, 1230], np.float64(1.5383), np.int64(264), 5, 'Success']"
8940,4087,1827,"[[8940, 8768, 2, 2869, 4087], np.float64(6.50232), np.int64(236), 5, 'Success']"
1695,714,71038,"[[1695, 1672, 2359, 32, 714], np.float64(54.652950000000004), np.int64(264), 5, 'Success']"
3249,6887,864509,"[[3249, 3042, 6421, 2173, 8702, 6891, 6887], np.float64(113.65977000000001), np.int64(240), 7, 'Failure']"
9511,5057,2289245,"[[9511, 321, 5057], np.float64(229.9245), np.int64(184), 3, 'Failure']"
498,167,33389174,"[[498, 55, 167], np.float64(1838.65457), np.int64(80), 3, 'Failure']"
10089,10732,4,"[[10089, 7218, 10294, 10732], np.float64(0.0), np.int64(328), 4, 'Success']"
4969,4754,36,"[[4969, 1139, 4754], np.float64(0.108), np.int64(80), 3, 'Success']"
9942,10903,747,"[[9942, 7218, 10903], np.float64(0.0), np.int64(184), 3, 'Success']"
11116,6277,1611,"[[11116, 11057, 6274, 6277], np.float64(0.0), np.int64(328), 4, 'Success']"
12116,130,24784,"[[12116, 855, 321, 130], np.float64(5.98178), np.int64(120), 4, 'Success']"
157,8115,225936,"[[157, 50, 5197, 5644, 8115], np.float64(273.3439), np.int64(154), 5, 'Success']"
8555,3996,2600686,"[[8555, 142, 2584, 3996], np.float64(1299.6045199999999), np.int64(114), 4, 'Failure']"
12686,2232,11202436,"[[12686, 4784, 3642, 167, 6661, 2232], np.float64(5983.292640000001), np.int64(298), 6, 'Failure']"
12353,11079,2,"[[12353, 12260, 11729, 3642, 11057, 11079], np.float64(0.00030000000000000003), np.int64(304), 6, 'Success']"
1026,11545,34,"[[1026, 600, 6079, 21, 11545], np.float64(1.00018), np.int64(160), 5, 'Success']"
1829,11100,122,"[[1829, 189, 124, 11057, 11100], np.float64(0.69212), np.int64(644), 5, 'Success']"
3356,6521,1981,"[[3356, 4353, 6521], np.float64(0.41601), np.int64(80), 3, 'Success']"
300,12255,14456,"[[300, 32, 612, 12255], np.float64(9.22851), np.int64(328), 4, 'Success']"
738,1319,510027,"[[738, 84, 1319], np.float64(11.70054), np.int64(60), 3, 'Success']"
12556,579,6004685,"[[12556, 612, 1983, 579], np.float64(607.4737899999999), np.int64(120), 4, 'Failure']"
6980,3412,20888876,"[[6980, 2877, 12315, 3412], np.float64(20910.78576), np.int64(224), 4, 'Failure']"
1353,12834,5,"[[1353, 21, 6463, 167, 12834], np.float64(1.0), np.int64(154), 5, 'Success']"
10494,5222,99,"[[10494, 8160, 36, 4822, 5222], np.float64(0.0), np.int64(290), 5, 'Success']"
5601,9633,474,"[[5601, 1139, 3905, 855, 9633], np.float64(0.10000999999999999), np.int64(160), 5, 'Success']"
11362,7344,8513,"[[11362, 11363, 11393, 57, 2, 7218, 7344], np.float64(3.7267400000000004), np.int64(322), 7, 'Success']"
1930,856,34379,"[[1930, 4000, 167, 856], np.float64(1.0687600000000002), np.int64(110), 4, 'Success']"
10478,11591,303493,"[[10478, 612, 11584, 11591], np.float64(2.82095), np.int64(120), 4, 'Failure']"
12339,9897,3618561,"[[12339, 2031, 321, 2366, 9897], np.float64(18461.607490000002), np.int64(160), 5, 'Failure']"
148,12325,87139626,"[[148, 177, 141, 6722, 12325], np.float64(4794.92943), np.int64(138), 5, 'Success']"
12030,11885,5,"[[12030, 609, 11885], np.float64(0.0005), np.int64(80), 3, 'Success']"
12759,1954,18,"[[12759, 12672, 855, 1955, 1954], np.float64(2.00384), np.int64(160), 5, 'Success']"
9075,9462,938,"[[9075, 8768, 8688, 9462], np.float64(2.89873), np.int64(224), 4, 'Success']"
1197,10136,3884,"[[1197, 1139, 3905, 855, 10136], np.float64(0.8195300000000001), np.int64(160), 5, 'Success']"
12997,4843,71869,"[[12997, 6666, 855, 4843], np.float64(39.532979999999995), np.int64(120), 4, 'Failure']"
469,715,857485,"[[469, 172, 175, 715], np.float64(49.41168), np.int64(98), 4, 'Failure']"
855,442,2633481,"[[855, 2979, 442], np.float64(264.3481), np.int64(80), 3, 'Failure']"
313,48,16759427,"[[313, 1983, 48], np.float64(1675.9427), np.int64(80), 3, 'Success']"
8460,2475,5,"[[8460, 9461, 609, 967, 1032, 2475], np.float64(0.02089), np.int64(200), 6, 'Success']"
4902,4218,47,"[[4902, 4822, 3083, 4218], np.float64(0.0), np.int64(328), 4, 'Success']"
158,12312,536,"[[158, 7120, 855, 4816, 12312], np.float64(0.6613500000000001), np.int64(160), 5, 'Success']"
4803,79,5034,"[[4803, 4792, 6597, 79], np.float64(0.99678), np.int64(114), 4, 'Success']"
11330,2904,30898,"[[11330, 855, 2904], np.float64(6.1796), np.int64(75), 3, 'Failure']"
6545,8755,344520,"[[6545, 3107, 32, 4626, 8755], np.float64(759.13402), np.int64(264), 5, 'Failure']"
12348,1574,3247323,"[[12348, 11207, 351, 1574], np.float64(353.95821), np.int64(114), 4, 'Failure']"
3416,4406,10648266,"[[3416, 2734, 1983, 4406], np.float64(28544.147100000002), np.int64(224), 4, 'Failure']"
8688,3370,2,"[[8688, 148, 3370], np.float64(1.0041), np.int64(80), 3, 'Success']"
11731,725,46,"[[11731, 8496, 12325, 600, 725], np.float64(0.13823000000000002), np.int64(154), 5, 'Success']"
5876,1317,722,"[[5876, 547, 2, 1317], np.float64(0.25272), np.int64(478), 4, 'Success']"
2432,6149,8863,"[[2432, 1139, 6219, 314, 6149], np.float64(0.03745), np.int64(264), 5, 'Success']"
5437,11907,59464,"[[5437, 314, 3974, 463, 11907], np.float64(29.733999999999998), np.int64(264), 5, 'Success']"
11961,11503,356856,"[[11961, 167, 12325, 11503], np.float64(1.35686), np.int64(114), 4, 'Success']"
4517,2596,7853347,"[[4517, 172, 167, 507, 2596], np.float64(454.89193), np.int64(150), 5, 'Failure']"
4090,4899,12449071,"[[4090, 2734, 321, 177, 4899], np.float64(31825.82716), np.int64(264), 5, 'Failure']"
5161,12266,7,"[[5161, 4822, 169, 88, 12266], np.float64(18.088070000000002), np.int64(242), 5, 'Success']"
6712,4714,23,"[[6712, 855, 6011, 4714], np.float64(0.0046), np.int64(120), 4, 'Success']"
2186,12967,324,"[[2186, 48, 91, 12967], np.float64(0.8564799999999999), np.int64(280), 4, 'Success']"
12897,1739,7726,"[[12897, 612, 967, 1032, 1739], np.float64(31.93494), np.int64(160), 5, 'Success']"
4106,8730,67315,"[[4106, 314, 6020, 175, 8730], np.float64(5.95432), np.int64(264), 5, 'Success']"
3629,11314,735116,"[[3629, 3216, 3591, 2910, 11314], np.float64(40.22616), np.int64(160), 5, 'Failure']"
12913,6498,9790258,"[[12913, 12325, 11837, 6498], np.float64(25.0), np.int64(92), 4, 'Failure']"
3481,12,15124687,"[[3481, 73, 173, 12], np.float64(834.10778), np.int64(98), 4, 'Failure']"
6623,4534,6,"[[6623, 6389, 2443, 7042, 3386, 3083, 4534], np.float64(1.0005000000000002), np.int64(344), 7, 'Success']"
10308,11753,37,"[[10308, 623, 11178, 6814, 6410, 11753], np.float64(2.0042600000000004), np.int64(200), 6, 'Success']"
4079,9822,574,"[[4079, 855, 8857, 9822], np.float64(0.42966000000000004), np.int64(120), 4, 'Success']"
9842,12105,8619,"[[9842, 9843, 1887, 2597, 12105], np.float64(32.25976), np.int64(342), 5, 'Success']"
10851,12010,42745,"[[10851, 56, 18, 3967, 4025, 12010], np.float64(21.46159), np.int64(200), 6, 'Success']"
11875,9341,233174,"[[11875, 6259, 5552, 6115, 5814, 9341], np.float64(23.2204), np.int64(200), 6, 'Failure']"
539,5338,1544757,"[[539, 969, 1983, 233, 5528, 5338], np.float64(483.62419), np.int64(194), 6, 'Failure']"
10159,142,86415928,"[[10159, 4784, 11330, 855, 142], np.float64(64824.61258), np.int64(259), 5, 'Failure']"
3534,5077,7,"[[3534, 12768, 10113, 4822, 5077], np.float64(0.0), np.int64(264), 5, 'Success']"
207,8533,29,"[[207, 5454, 609, 8533], np.float64(0.0029), np.int64(120), 4, 'Success']"
10258,7852,620,"[[10258, 7218, 3083, 6274, 7852], np.float64(0.0), np.int64(472), 5, 'Success']"
11944,698,1810,"[[11944, 12325, 698], np.float64(0.0), np.int64(74), 3, 'Success']"
850,4312,95566,"[[850, 2877, 4312], np.float64(1.09557), np.int64(80), 3, 'Success']"
9389,6826,443554,"[[9389, 9278, 445, 84, 6826], np.float64(4.33067), np.int64(160), 5, 'Success']"
853,237,3735854,"[[853, 177, 52, 237], np.float64(207.72197), np.int64(98), 4, 'Failure']"
175,12445,24120138,"[[175, 321, 855, 12445], np.float64(4849.15256), np.int64(120), 4, 'Success']"
10242,12547,6,"[[10242, 7218, 254, 855, 12348, 12547], np.float64(1.02271), np.int64(304), 6, 'Success']"
1108,11816,80,"[[1108, 600, 6010, 855, 11816], np.float64(0.01624), np.int64(160), 5, 'Success']"
470,2737,868,"[[470, 32, 1139, 2737], np.float64(4.03843), np.int64(284), 4, 'Success']"
1178,11766,3833,"[[1178, 1139, 5868, 600, 11766], np.float64(11.506680000000001), np.int64(160), 5, 'Success']"
10449,1109,20697,"[[10449, 2223, 600, 1109], np.float64(62.21555), np.int64(120), 4, 'Success']"
11608,9287,850757,"[[11608, 4339, 131, 1369, 9287], np.float64(4.55228), np.int64(160), 5, 'Failure']"
11541,3430,7270542,"[[11541, 12315, 2189, 6562, 3430], np.float64(7287.09963), np.int64(264), 5, 'Failure']"
6498,140,16054454,"[[6498, 3292, 4792, 12315, 140], np.float64(19300.86058), np.int64(244), 5, 'Failure']"
9670,13116,9,"[[9670, 167, 5969, 13116], np.float64(1.0000200000000001), np.int64(110), 4, 'Success']"
9090,9128,71,"[[9090, 8768, 9128], np.float64(0.0), np.int64(184), 3, 'Success']"
2394,2579,170,"[[2394, 423, 174, 175, 50, 2579], np.float64(3.26107), np.int64(150), 6, 'Success']"
10971,1359,4426,"[[10971, 10294, 1875, 32, 1359], np.float64(17.50364), np.int64(368), 5, 'Success']"
9883,12541,17941,"[[9883, 182, 855, 12541], np.float64(4.60614), np.int64(120), 4, 'Failure']"
94,5648,386477,"[[94, 18, 29, 5648], np.float64(2.15943), np.int64(114), 4, 'Success']"
6480,11503,2942736,"[[6480, 73, 175, 12325, 11503], np.float64(164.10048), np.int64(132), 5, 'Success']"
88,6722,57253339,"[[88, 177, 141, 6722], np.float64(3151.18364), np.int64(76), 4, 'Success']"
4308,5621,10,"[[4308, 1907, 855, 3269, 3779, 5621], np.float64(1.0128700000000002), np.int64(200), 6, 'Success']"
6608,7533,85,"[[6608, 354, 108, 2223, 3083, 7533], np.float64(0.04675), np.int64(278), 6, 'Success']"
9476,9232,406,"[[9476, 3018, 124, 8768, 9232], np.float64(1.09379), np.int64(264), 5, 'Success']"
2271,5818,2202,"[[2271, 18, 5818], np.float64(1.0022), np.int64(80), 3, 'Success']"
1354,1909,55216,"[[1354, 1609, 5, 149, 1909], np.float64(2.05466), np.int64(264), 5, 'Success']"
4265,3740,842105,"[[4265, 11446, 3366, 4777, 3740], np.float64(271.49451), np.int64(160), 5, 'Success']"
1830,2220,3262298,"[[1830, 321, 293, 2220], np.float64(10.7869), np.int64(120), 4, 'Failure']"
3158,398,13828720,"[[3158, 796, 383, 398], np.float64(305.23213), np.int64(120), 4, 'Failure']"
41,11455,9,"[[41, 855, 9524, 11455], np.float64(0.0028), np.int64(152), 4, 'Success']"
6261,10464,62,"[[6261, 855, 10464], np.float64(0.0124), np.int64(80), 3, 'Success']"
1762,5996,920,"[[1762, 1213, 600, 5996], np.float64(2.00184), np.int64(124), 4, 'Success']"
1897,6227,3296,"[[1897, 185, 131, 6227], np.float64(1.3330000000000002), np.int64(114), 4, 'Success']"
12214,2760,42236,"[[12214, 855, 11984, 320, 2760], np.float64(3.12672), np.int64(160), 5, 'Failure']"
2171,5101,476592,"[[2171, 32, 5101], np.float64(238.81941), np.int64(184), 3, 'Failure']"
4007,662,1421797,"[[4007, 4008, 4101, 233, 148, 662], np.float64(102.52636), np.int64(194), 6, 'Failure']"
141,5798,13885502,"[[141, 5798], 0, np.int64(40), 2, 'Success']"
10949,4887,6,"[[10949, 10294, 4822, 4887], np.float64(0.0), np.int64(328), 4, 'Success']"
3314,7789,20,"[[3314, 2, 7218, 7789], np.float64(0.0), np.int64(202), 4, 'Success']"
9165,6503,831,"[[9165, 8768, 2223, 167, 6503], np.float64(2.5346699999999998), np.int64(254), 5, 'Success']"
8055,9732,1269,
11598,6342,90532,"[[11598, 81, 3819, 5060, 6342], np.float64(121.94781), np.int64(144), 5, 'Failure']"
9900,6600,639758,
1314,10924,9381956,"[[1314, 488, 18, 445, 10924], np.float64(576.3005599999999), np.int64(154), 5, 'Failure']"
8260,6722,75132655,"[[8260, 4784, 32, 141, 6722], np.float64(79216.94591000001), np.int64(368), 5, 'Failure']"
5652,6122,3,"[[5652, 529, 2293, 318, 6123, 6122], np.float64(1.5023), np.int64(188), 6, 'Success']"
2318,9861,22,"[[2318, 21, 11827, 167, 9861], np.float64(1.0000399999999998), np.int64(150), 5, 'Success']"
8340,5427,485,"[[8340, 6975, 2537, 4822, 5427], np.float64(0.5380499999999999), np.int64(264), 5, 'Success']"
5310,2277,3814,"[[5310, 609, 858, 207, 2277], np.float64(0.3046), np.int64(160), 5, 'Failure']"
5971,12209,57837,"[[5971, 21, 9959, 3221, 12209], np.float64(2.17352), np.int64(160), 5, 'Failure']"
3647,6371,809851,"[[3647, 1556, 445, 6371], np.float64(3.6197), np.int64(120), 4, 'Success']"
258,11634,2420473,"[[258, 894, 9510, 11629, 11634], np.float64(561.15102), np.int64(138), 5, 'Failure']"
2169,11578,18733041,"[[2169, 174, 173, 59, 11578], np.float64(1032.56726), np.int64(100), 5, 'Failure']"
7053,4199,4,"[[7053, 6423, 855, 4199], np.float64(0.00116), np.int64(120), 4, 'Success']"
11676,430,13,"[[11676, 167, 5589, 108, 430], np.float64(0.006509999999999999), np.int64(130), 5, 'Success']"
8536,6525,909,"[[8536, 67, 3356, 21, 6525], np.float64(3.30187), np.int64(160), 5, 'Success']"
3438,1903,3097,"[[3438, 48, 1903], np.float64(0.3097), np.int64(80), 3, 'Success']"
8155,6047,44916,"[[8155, 4097, 595, 4998, 609, 6047], np.float64(7.734770000000001), np.int64(200), 6, 'Failure']"
1887,6715,660229,"[[1887, 612, 6715], np.float64(1.66023), np.int64(80), 3, 'Success']"
8471,12339,6732347,"[[8471, 855, 645, 3905, 6174, 12339], np.float64(1413.8063300000001), np.int64(200), 6, 'Failure']"
2964,529,10219039,"[[2964, 445, 7396, 529], np.float64(2055.02888), np.int64(114), 4, 'Failure']"
4357,10151,5,"[[4357, 3591, 5052, 12325, 26, 10151], np.float64(0.49032), np.int64(188), 6, 'Success']"
11347,8374,94,"[[11347, 12325, 600, 1945, 8374], np.float64(1.2850899999999998), np.int64(154), 5, 'Success']"
3145,10663,535,"[[3145, 174, 167, 2223, 10294, 10663], np.float64(2.27997), np.int64(294), 6, 'Success']"
7546,2807,9099,"[[7546, 6274, 21, 799, 2807], np.float64(28.31825), np.int64(264), 5, 'Success']"
10373,8890,11946,"[[10373, 10294, 7218, 8768, 8890], np.float64(0.0), np.int64(472), 5, 'Success']"
3486,7984,611052,"[[3486, 18, 7984], np.float64(1.61105), np.int64(80), 3, 'Success']"
8325,172,3674059,"[[8325, 4339, 321, 172], np.float64(42.414699999999996), np.int64(120), 4, 'Failure']"
529,1229,11469634,"[[529, 7396, 12325, 2178, 1229], np.float64(5987.275119999999), np.int64(148), 5, 'Failure']"
7735,6653,5,"[[7735, 6274, 36, 1139, 6653], np.float64(0.015019999999999999), np.int64(296), 5, 'Success']"
2871,12899,24,"[[2871, 2017, 850, 124, 609, 12899], np.float64(0.01032), np.int64(200), 6, 'Success']"
1962,2582,809,"[[1962, 1930, 1139, 2582], np.float64(4.861280000000001), np.int64(120), 4, 'Success']"
7602,11552,2155,"[[7602, 3083, 2, 32, 11552], np.float64(8.546570000000001), np.int64(346), 5, 'Success']"
3073,7270,34368,"[[3073, 2402, 21, 7218, 7270], np.float64(1.03437), np.int64(264), 5, 'Failure']"
2330,2821,539952,"[[2330, 2, 1638, 2821], np.float64(108.9959), np.int64(98), 4, 'Success']"
57,878,2777226,"[[57, 321, 878], np.float64(278.7226), np.int64(184), 3, 'Failure']"
1878,8265,11829390,"[[1878, 451, 301, 8265], np.float64(9465.58641), np.int64(181), 4, 'Success']"
7144,7598,7,"[[7144, 6274, 3083, 7598], np.float64(0.0), np.int64(328), 4, 'Success']"
10568,3161,93,"[[10568, 10294, 11532, 314, 3044, 3161], np.float64(0.32858), np.int64(408), 6, 'Success']"
10363,972,503,"[[10363, 10294, 2223, 600, 972], np.float64(3.02557), np.int64(264), 5, 'Success']"
948,5888,3287,"[[948, 853, 148, 5888], np.float64(2.6869899999999998), np.int64(120), 4, 'Success']"
9366,1792,59427,"[[9366, 5040, 1236, 1792], np.float64(178.81745), np.int64(120), 4, 'Success']"
4096,3973,688484,"[[4096, 4338, 652, 3973], np.float64(41.30938), np.int64(120), 4, 'Success']"
2918,465,2418753,"[[2918, 2781, 167, 55, 465], np.float64(149.79476), np.int64(150), 5, 'Failure']"
3405,3214,15175787,"[[3405, 174, 12315, 3214], np.float64(16013.53995), np.int64(224), 4, 'Failure']"
2092,6391,5,"[[2092, 2081, 547, 6391], np.float64(0.01671), np.int64(500), 4, 'Success']"
9389,4805,66,"[[9389, 612, 4805], np.float64(1.00007), np.int64(80), 3, 'Success']"
10143,5417,142,"[[10143, 600, 6079, 4822, 5417], np.float64(0.00057), np.int64(264), 5, 'Success']"
2420,8696,5385,"[[2420, 2077, 6941, 5812, 8696], np.float64(4.77832), np.int64(160), 5, 'Success']"
8686,7198,17474,"[[8686, 3859, 18, 3281, 6274, 7198], np.float64(2.05342), np.int64(304), 6, 'Failure']"
2056,12739,138763,"[[2056, 66, 18, 12739], np.float64(11.02079), np.int64(120), 4, 'Success']"
1579,3412,3618267,"[[1579, 8260, 167, 3412], np.float64(3.61827), np.int64(110), 4, 'Failure']"
3895,67,12654840,"[[3895, 61, 175, 67], np.float64(0.0), np.int64(76), 4, 'Failure']"
12638,214,6,"[[12638, 609, 254, 237, 214], np.float64(0.00032), np.int64(154), 5, 'Success']"
11837,1177,47,"[[11837, 3642, 1139, 1177], np.float64(0.14570999999999998), np.int64(120), 4, 'Success']"
330,8592,730,"[[330, 48, 293, 8592], np.float64(0.11460999999999999), np.int64(120), 4, 'Success']"
1043,6810,5130,"[[1043, 600, 3974, 2584, 6810], np.float64(7.956919999999999), np.int64(160), 5, 'Success']"
11961,5646,73596,"[[11961, 167, 5589, 5646], np.float64(0.80956), np.int64(110), 4, 'Success']"
10311,4429,217838,"[[10311, 12325, 12654, 4429], np.float64(3.60173), np.int64(108), 4, 'Failure']"
4360,2034,1370410,
2877,1659,24205448,"[[2877, 137, 321, 1659], np.float64(26605.30648), np.int64(234), 4, 'Failure']"
10205,12190,4,"[[10205, 609, 6665, 8782, 12190], np.float64(1.00073), np.int64(160), 5, 'Success']"
1900,6857,68,"[[1900, 167, 1411, 6857], np.float64(0.01435), np.int64(104), 4, 'Success']"
3168,9746,748,"[[3168, 18, 194, 1288, 9746], np.float64(2.0764), np.int64(160), 5, 'Success']"
3970,3698,8409,"[[3970, 6020, 609, 3698], np.float64(0.00841), np.int64(120), 4, 'Success']"
1621,885,38619,"[[1621, 1236, 2, 32, 885], np.float64(21.27088), np.int64(242), 5, 'Success']"
3568,11561,274571,"[[3568, 855, 11561], np.float64(54.9142), np.int64(80), 3, 'Success']"
8368,141,2460639,"[[8368, 7962, 32, 141], np.float64(1231.3207300000001), np.int64(224), 4, 'Failure']"
26,303,10316507,"[[26, 10113, 445, 303], np.float64(15486.093980000001), np.int64(114), 4, 'Failure']"
9343,9053,7,"[[9343, 6209, 4479, 6020, 8768, 9053], np.float64(0.00091), np.int64(304), 6, 'Success']"
4026,10835,61,"[[4026, 480, 3221, 2781, 3083, 10835], np.float64(0.00043), np.int64(304), 6, 'Success']"
490,10316,103,"[[490, 32, 6658, 10316], np.float64(2.052), np.int64(224), 4, 'Success']"
3449,11809,3393,"[[3449, 32, 9401, 11278, 11809], np.float64(2.8458699999999997), np.int64(264), 5, 'Success']"
10839,5904,62763,"[[10839, 10801, 351, 723, 5904], np.float64(22.28205), np.int64(148), 5, 'Failure']"
6094,6720,222843,"[[6094, 149, 6755, 6720], np.float64(33.65133), np.int64(224), 4, 'Success']"
11524,11356,2511379,"[[11524, 293, 48, 11356], np.float64(376.71941), np.int64(120), 4, 'Failure']"
370,11482,12197126,"[[370, 32, 2734, 11482], np.float64(36596.39729), np.int64(328), 4, 'Success']"
10449,10140,9,"[[10449, 2223, 609, 10049, 10140], np.float64(1.0022), np.int64(160), 5, 'Success']"
6599,11806,34,"[[6599, 855, 12476, 11806], np.float64(0.0068), np.int64(120), 4, 'Success']"
13111,3572,996,"[[13111, 167, 483, 3572], np.float64(0.997), np.int64(110), 4, 'Success']"
3556,6133,5191,"[[3556, 2588, 32, 6133], np.float64(7.45706), np.int64(224), 4, 'Success']"
5783,4422,11227,"[[5783, 175, 2932, 4197, 4422], np.float64(4.89006), np.int64(160), 5, 'Success']"
5292,233,218553,"[[5292, 12157, 2727, 233], np.float64(1.21855), np.int64(120), 4, 'Success']"
1379,10484,2882063,"[[1379, 142, 855, 10484], np.float64(1986.8722699999998), np.int64(120), 4, 'Failure']"
1369,1565,10674734,"[[1369, 131, 12315, 1565], np.float64(10686.41941), np.int64(224), 4, 'Failure']"
6689,11417,2,"[[6689, 855, 11178, 11417], np.float64(0.00115), np.int64(120), 4, 'Success']"
6407,5076,66,"[[6407, 5361, 547, 4822, 5076], np.float64(0.026799999999999997), np.int64(638), 5, 'Success']"
3454,12462,194,"[[3454, 3191, 612, 12462], np.float64(1.14625), np.int64(120), 4, 'Success']"
3394,6057,9268,"[[3394, 2651, 137, 6057], np.float64(4.80756), np.int64(130), 4, 'Success']"
5167,11435,66510,"[[5167, 8388, 855, 11435], np.float64(14.36852), np.int64(120), 4, 'Success']"
11945,6832,671454,"[[11945, 1593, 61, 177, 55, 6832], np.float64(207.05326), np.int64(156), 6, 'Failure']"
8541,261,5762660,"[[8541, 32, 3292, 261], np.float64(2876.56734), np.int64(204), 4, 'Failure']"
9510,207,37984438,"[[9510, 2189, 321, 6184, 207], np.float64(38063.48288), np.int64(160), 5, 'Failure']"
7672,6138,2,"[[7672, 6274, 21, 6138], np.float64(1.009), np.int64(224), 4, 'Success']"
10726,7564,13,"[[10726, 10294, 7218, 7564], np.float64(0.0), np.int64(328), 4, 'Success']"
6748,8502,944,"[[6748, 314, 11837, 18, 8502], np.float64(1.00294), np.int64(242), 5, 'Success']"
4131,1398,8641,"[[4131, 3083, 6105, 9893, 1398], np.float64(28.45383), np.int64(264), 5, 'Success']"
9682,11933,79466,"[[9682, 148, 11413, 11933], np.float64(18.88083), np.int64(120), 4, 'Success']"
9740,11493,541828,"[[9740, 148, 10185, 2651, 11493], np.float64(169.35325), np.int64(160), 5, 'Failure']"
11317,12560,3220757,"[[11317, 12325, 60, 12560], np.float64(179.39164), np.int64(114), 4, 'Failure']"
506,6631,15605825,"[[506, 91, 2597, 6631], np.float64(17173.96818), np.int64(462), 4, 'Failure']"
7015,5566,5,"[[7015, 6738, 855, 382, 21, 5566], np.float64(2.0012100000000004), np.int64(164), 6, 'Success']"
9615,6596,21,"[[9615, 9614, 314, 5969, 6745, 6596], np.float64(1.0149599999999999), np.int64(304), 6, 'Success']"
406,2534,788,"[[406, 1560, 494, 32, 2534], np.float64(1.7336600000000002), np.int64(242), 5, 'Success']"
8177,9203,3716,"[[8177, 8130, 84, 10113, 8768, 9203], np.float64(2.00744), np.int64(304), 6, 'Success']"
359,911,65635,"[[359, 52, 911], np.float64(5.85992), np.int64(80), 3, 'Success']"
6228,3091,158008,"[[6228, 445, 1826, 3091], np.float64(17.958930000000002), np.int64(224), 4, 'Failure']"
454,2453,1242927,"[[454, 78, 177, 681, 2453], np.float64(207.34046999999998), np.int64(138), 5, 'Success']"
2,1358,10614122,"[[2, 12315, 173, 1358], np.float64(11200.73474), np.int64(224), 4, 'Failure']"
4212,11821,3,"[[4212, 3083, 2537, 11821], np.float64(0.009089999999999999), np.int64(224), 4, 'Success']"
6706,2754,100,"[[6706, 57, 2, 1566, 2754], np.float64(2.2655), np.int64(128), 5, 'Success']"
10916,4519,192,"[[10916, 10915, 9809, 3083, 4519], np.float64(2.00211), np.int64(264), 5, 'Success']"
7526,1721,8234,"[[7526, 2877, 2173, 36, 1672, 1721], np.float64(25.71026), np.int64(232), 6, 'Success']"
5796,3645,48976,"[[5796, 5526, 3645], np.float64(4.8976), np.int64(80), 3, 'Success']"
9863,3575,181960,"[[9863, 4353, 1281, 18, 3575], np.float64(2.2737299999999996), np.int64(160), 5, 'Failure']"
4402,12261,1346756,"[[4402, 173, 12261], np.float64(76.32158), np.int64(80), 3, 'Success']"
893,855,24504741,"[[893, 445, 855], np.float64(25.50474), np.int64(80), 3, 'Success']"
9635,5371,1,"[[9635, 6941, 6020, 609, 5371], np.float64(0.00023999999999999998), np.int64(160), 5, 'Success']"
10479,1664,89,"[[10479, 18, 570, 1236, 1664], np.float64(1.26709), np.int64(140), 5, 'Success']"
4421,9800,235,"[[4421, 233, 5949, 10006, 10008, 9801, 9800], np.float64(2.6198099999999998), np.int64(234), 7, 'Success']"
7596,8330,7624,"[[7596, 3083, 21, 8330], np.float64(23.88264), np.int64(224), 4, 'Failure']"
6239,12814,27167,"[[6239, 233, 12325, 12814], np.float64(0.54334), np.int64(108), 4, 'Success']"
128,9720,443105,"[[128, 4682, 609, 9720], np.float64(51.40089), np.int64(108), 4, 'Failure']"
4694,11853,6448543,"[[4694, 321, 5585, 2909, 11853], np.float64(14.89709), np.int64(180), 5, 'Failure']"
2597,865,12645618,"[[2597, 48, 865], np.float64(1264.5618), np.int64(262), 3, 'Failure']"
1331,11387,7,"[[1331, 1236, 2537, 10159, 11387], np.float64(0.02205), np.int64(160), 5, 'Success']"
12491,2234,45,
4781,11801,473,"[[4781, 81, 2, 612, 11801], np.float64(1.63421), np.int64(132), 5, 'Success']"
21,6150,1394,"[[21, 4863, 439, 6150], np.float64(1.1673), np.int64(120), 4, 'Success']"
1063,12684,81197,"[[1063, 192, 2, 12315, 12684], np.float64(83.09206), np.int64(258), 5, 'Success']"
3286,8262,708982,"[[3286, 59, 167, 8262], np.float64(41.95303), np.int64(110), 4, 'Failure']"
71,103,9661406,"[[71, 321, 103], np.float64(967.1406), np.int64(184), 3, 'Success']"
2928,10159,36328906,"[[2928, 3292, 3642, 301, 10159], np.float64(50876.81641), np.int64(140), 5, 'Failure']"
360,3115,8,"[[360, 2633, 612, 3115], np.float64(1.00136), np.int64(114), 4, 'Success']"
1441,11542,15,"[[1441, 21, 9515, 609, 11542], np.float64(1.00152), np.int64(160), 5, 'Success']"
11906,8047,634,"[[11906, 858, 167, 8047], np.float64(0.00126), np.int64(104), 4, 'Success']"
5392,11494,2895,"[[5392, 4822, 19, 609, 11494], np.float64(8.97537), np.int64(242), 5, 'Success']"
5769,12443,89762,"[[5769, 3701, 167, 12443], np.float64(46.9713), np.int64(120), 4, 'Success']"
8382,2782,677676,"[[8382, 2573, 32, 2782], np.float64(475.76335), np.int64(224), 4, 'Success']"
12265,8459,2417488,"[[12265, 57, 173, 855, 8660, 8459], np.float64(428.74432), np.int64(178), 6, 'Failure']"
303,9542,38808558,"[[303, 321, 301, 9542], np.float64(19444.106959999997), np.int64(120), 4, 'Failure']"
131,10147,5,"[[131, 10113, 3297, 10147], np.float64(1.0006), np.int64(120), 4, 'Success']"
9005,1750,66,"[[9005, 8768, 8688, 967, 1032, 1750], np.float64(0.46991), np.int64(304), 6, 'Success']"
5132,4545,135,"[[5132, 4822, 3083, 4545], np.float64(0.0), np.int64(328), 4, 'Success']"
9994,11099,2342,"[[9994, 21, 11057, 11099], np.float64(1.00234), np.int64(224), 4, 'Success']"
2462,8741,72576,"[[2462, 8079, 32, 968, 8741], np.float64(83.97702000000001), np.int64(264), 5, 'Failure']"
11278,4017,117124,"[[11278, 12325, 29, 4017], np.float64(0.23425), np.int64(114), 4, 'Failure']"
2756,3969,2829510,"[[2756, 445, 3969], np.float64(3.82951), np.int64(80), 3, 'Failure']"
8314,2597,56196296,"[[8314, 175, 70, 2597], np.float64(3093.04628), np.int64(98), 4, 'Failure']"
3383,12886,5,"[[3383, 2854, 12325, 63, 12886], np.float64(18.46728), np.int64(154), 5, 'Success']"
4905,11649,69,"[[4905, 4822, 3083, 12445, 11649], np.float64(0.23053), np.int64(370), 5, 'Success']"
9178,11815,617,"[[9178, 8768, 10113, 12325, 8457, 11815], np.float64(2.85462), np.int64(298), 6, 'Success']"
7771,1329,5838,"[[7771, 6274, 2, 32, 1329], np.float64(21.4389), np.int64(346), 5, 'Success']"
1043,1148,68684,"[[1043, 600, 6010, 609, 1148], np.float64(0.27473000000000003), np.int64(160), 5, 'Failure']"
12215,3301,397125,"[[12215, 10, 347, 177, 3301], np.float64(45.346500000000006), np.int64(160), 5, 'Failure']"
5508,8298,1268382,"[[5508, 18, 12415, 8298], np.float64(4.53676), np.int64(114), 4, 'Failure']"
174,2359,76747595,"[[174, 175, 64, 2359], np.float64(4223.36772), np.int64(76), 4, 'Success']"
1692,5314,2,"[[1692, 924, 1139, 570, 91, 5314], np.float64(0.51704), np.int64(330), 6, 'Success']"
3738,735,19,"[[3738, 855, 12325, 600, 735], np.float64(0.06081), np.int64(154), 5, 'Success']"
9154,7239,664,"[[9154, 8768, 6274, 7239], np.float64(0.0), np.int64(328), 4, 'Success']"
11238,2827,3356,"[[11238, 855, 1817, 1139, 2827], np.float64(10.741209999999999), np.int64(264), 5, 'Success']"
11665,8281,63339,"[[11665, 2597, 148, 3951, 8281], np.float64(74.52004), np.int64(342), 5, 'Success']"
6530,13105,228070,"[[6530, 314, 10113, 12768, 13105], np.float64(0.45814), np.int64(264), 5, 'Failure']"
11840,604,5572610,
3869,3321,13285238,"[[3869, 1011, 177, 64, 3321], np.float64(3525.09199), np.int64(138), 5, 'Failure']"
4014,540,4,"[[4014, 2668, 795, 2, 540], np.float64(0.0024000000000000002), np.int64(242), 5, 'Success']"
4725,3595,55,"[[4725, 1095, 2, 3595], np.float64(0.01513), np.int64(98), 4, 'Success']"
2015,850,301,"[[2015, 32, 850], np.float64(1.1502), np.int64(184), 3, 'Success']"
7197,1845,2512,"[[7197, 6274, 2, 231, 998, 1845], np.float64(8.98185), np.int64(286), 6, 'Success']"
2890,5613,73676,"[[2890, 634, 2671, 3163, 5613], np.float64(96.37698), np.int64(140), 5, 'Success']"
2022,8325,440466,"[[2022, 2618, 48, 8325], np.float64(107.48005), np.int64(120), 4, 'Failure']"
5530,12063,4063807,"[[5530, 1314, 8230, 12157, 12063], np.float64(493.73542999999995), np.int64(160), 5, 'Failure']"
41,2366,12415729,"[[41, 445, 2366], np.float64(1242.5729), np.int64(184), 3, 'Success']"
12727,5201,2,"[[12727, 12445, 2223, 4822, 5201], np.float64(0.00068), np.int64(266), 5, 'Success']"
803,6535,51,"[[803, 801, 2537, 10159, 6535], np.float64(0.16912), np.int64(160), 5, 'Success']"
2958,8306,601,"[[2958, 207, 167, 2791, 736, 8306], np.float64(1.07334), np.int64(184), 6, 'Success']"
12245,3990,6498,"[[12245, 11406, 855, 3769, 3990], np.float64(3.97652), np.int64(160), 5, 'Success']"
4563,6338,23785,"[[4563, 3083, 2584, 6338], np.float64(96.21436), np.int64(224), 4, 'Success']"
4030,9307,798857,"[[4030, 48, 9307], np.float64(79.8857), np.int64(80), 3, 'Success']"
2067,6413,7497525,"[[2067, 3444, 32, 6413], np.float64(11243.53224), np.int64(224), 4, 'Failure']"
11330,177,74283940,"[[11330, 445, 177], np.float64(75.28394), np.int64(80), 3, 'Failure']"
4058,12274,6,"[[4058, 3083, 2706, 609, 12274], np.float64(0.0186), np.int64(264), 5, 'Success']"
8975,1984,92,"[[8975, 8768, 10113, 1984], np.float64(0.28523), np.int64(224), 4, 'Success']"
12272,1027,546,"[[12272, 1343, 233, 600, 1027], np.float64(2.9129199999999997), np.int64(148), 5, 'Success']"
8689,3635,2357,"[[8689, 4291, 609, 3635], np.float64(1.23806), np.int64(120), 4, 'Success']"
6151,7619,35020,"[[6151, 61, 9809, 7218, 7619], np.float64(5.52637), np.int64(264), 5, 'Success']"
9515,11938,468262,"[[9515, 612, 1378, 11938], np.float64(2.93652), np.int64(120), 4, 'Failure']"
2304,8126,7727799,"[[2304, 321, 445, 8126], np.float64(17.45561), np.int64(120), 4, 'Success']"
2584,6724,10809123,"[[2584, 445, 3292, 6724], np.float64(22.61825), np.int64(100), 4, 'Success']"
7489,8280,6,"[[7489, 6274, 5043, 233, 8280], np.float64(0.13851000000000002), np.int64(258), 5, 'Success']"
12904,11952,24,"[[12904, 383, 11067, 1067, 11952], np.float64(0.02981), np.int64(264), 5, 'Success']"
9602,1256,900,"[[9602, 4682, 6020, 1236, 1256], np.float64(2.71896), np.int64(148), 5, 'Success']"
4302,5980,9244,"[[4302, 855, 5980], np.float64(1.8488), np.int64(80), 3, 'Success']"
12310,12864,92480,"[[12310, 855, 12864], np.float64(18.496), np.int64(184), 3, 'Success']"
2963,11278,358573,"[[2963, 2584, 10924, 11278], np.float64(413.91324000000003), np.int64(120), 4, 'Failure']"
3052,5973,1202548,"[[3052, 5938, 48, 56, 5973], np.float64(257.20777), np.int64(160), 5, 'Success']"
285,3968,21474037,"[[285, 91, 175, 3968], np.float64(22659.04236), np.int64(270), 4, 'Success']"
12301,6796,3,"[[12301, 21, 6796], np.float64(1.0), np.int64(80), 3, 'Success']"
11057,2898,81,"[[11057, 3642, 3476, 2898], np.float64(0.012799999999999999), np.int64(224), 4, 'Success']"
8869,7918,602,"[[8869, 8768, 2, 612, 7918], np.float64(2.8095999999999997), np.int64(242), 5, 'Success']"
480,5756,8334,"[[480, 7011, 6020, 4822, 5756], np.float64(0.01667), np.int64(264), 5, 'Success']"
7288,1534,26575,"[[7288, 6274, 21, 1534], np.float64(80.75466), np.int64(224), 4, 'Success']"
11248,1369,897299,"[[11248, 855, 1369], np.float64(179.4598), np.int64(80), 3, 'Failure']"
2594,149,4634737,"[[2594, 308, 11837, 149], np.float64(0.0), np.int64(76), 4, 'Failure']"
4338,6378,20671153,"[[4338, 796, 137, 6378], np.float64(3949.29415), np.int64(130), 4, 'Failure']"
10863,2806,4,"[[10863, 8768, 124, 149, 2806], np.float64(0.01393), np.int64(368), 5, 'Success']"
12071,2622,80,"[[12071, 855, 8737, 2622], np.float64(0.016560000000000002), np.int64(120), 4, 'Success']"
1142,12026,556,"[[1142, 1139, 547, 6391, 12026], np.float64(1.9), np.int64(540), 5, 'Success']"
6953,213,8664,"[[6953, 12325, 398, 160, 213], np.float64(1.0173199999999998), np.int64(158), 5, 'Success']"
414,3651,81662,"[[414, 56, 2, 32, 3651], np.float64(48.49305), np.int64(242), 5, 'Success']"
8494,856,296684,"[[8494, 1577, 167, 856], np.float64(1.7801), np.int64(110), 4, 'Success']"
8081,12215,1511258,"[[8081, 32, 855, 12215], np.float64(1057.52017), np.int64(218), 4, 'Success']"
454,3804,12320367,"[[454, 3784, 894, 3804], np.float64(2821.91755), np.int64(114), 4, 'Failure']"
3679,765,5,"[[3679, 2310, 600, 765], np.float64(0.01571), np.int64(120), 4, 'Success']"
3821,4256,79,"[[3821, 600, 6157, 3083, 4256], np.float64(0.00024), np.int64(264), 5, 'Success']"
4906,1719,129,"[[4906, 4822, 2359, 966, 1719], np.float64(1.77881), np.int64(264), 5, 'Success']"
7547,11984,7487,"[[7547, 6274, 36, 320, 11984], np.float64(23.471510000000002), np.int64(296), 5, 'Success']"
6109,5872,48002,"[[6109, 612, 5872], np.float64(1.048), np.int64(80), 3, 'Success']"
6792,6705,563861,"[[6792, 2938, 167, 6705], np.float64(2.81931), np.int64(110), 4, 'Failure']"
5975,84,2718513,"[[5975, 3642, 84], np.float64(0.0), np.int64(80), 3, 'Failure']"
182,1832,10579083,"[[182, 11837, 3642, 167, 1832], np.float64(63.47455), np.int64(150), 5, 'Failure']"
9689,10625,8,"[[9689, 12325, 4346, 520, 10625], np.float64(4e-05), np.int64(258), 5, 'Success']"
7037,4457,76,"[[7037, 6274, 36, 1139, 3736, 4457], np.float64(0.45676), np.int64(336), 6, 'Success']"
5416,4709,707,"[[5416, 4822, 2537, 4268, 4705, 4709], np.float64(4.17032), np.int64(304), 6, 'Success']"
9970,4261,8918,"[[9970, 21, 10777, 4261], np.float64(1.00892), np.int64(120), 4, 'Success']"
2213,13,72518,"[[2213, 93, 18, 13], np.float64(1.9977099999999999), np.int64(120), 4, 'Success']"
4812,2151,340170,"[[4812, 32, 2923, 2151], np.float64(264.33826), np.int64(224), 4, 'Success']"
12399,9495,7472871,"[[12399, 12325, 612, 9495], np.float64(8.47287), np.int64(114), 4, 'Failure']"
4179,5812,12087098,"[[4179, 445, 84, 6046, 5812], np.float64(39.26133), np.int64(160), 5, 'Failure']"
5002,8749,1,"[[5002, 167, 10169, 8749], np.float64(1e-05), np.int64(104), 4, 'Success']"
4178,3873,87,"[[4178, 858, 609, 3873], np.float64(0.00018), np.int64(120), 4, 'Success']"
1870,2480,340,"[[1870, 175, 64, 2359, 966, 2480], np.float64(4.290520000000001), np.int64(178), 6, 'Success']"
4773,5602,4029,"[[4773, 6470, 314, 5602], np.float64(0.018119999999999997), np.int64(205), 4, 'Success']"
3109,1398,10019,"[[3109, 3108, 612, 9893, 1398], np.float64(1.55086), np.int64(150), 5, 'Success']"
2611,10181,497326,"[[2611, 11744, 233, 894, 10181], np.float64(149.21061999999998), np.int64(148), 5, 'Success']"
3064,9716,1483967,"[[3064, 1983, 9716], np.float64(267.11406), np.int64(80), 3, 'Success']"
6007,5916,13950918,"[[6007, 32, 293, 5916], np.float64(8274.54875), np.int64(224), 4, 'Failure']"
7298,3557,2,"[[7298, 7218, 3083, 2584, 3557], np.float64(1.01101), np.int64(368), 5, 'Success']"
9400,9837,35,"[[9400, 3934, 855, 9837], np.float64(0.01575), np.int64(120), 4, 'Success']"
9820,468,758,"[[9820, 32, 468], np.float64(1.37824), np.int64(184), 3, 'Success']"
1852,12204,9260,"[[1852, 2877, 2562, 8782, 12204], np.float64(2.0833500000000003), np.int64(160), 5, 'Success']"
12080,12366,50911,"[[12080, 463, 12325, 612, 12366], np.float64(2.10182), np.int64(154), 5, 'Failure']"
11616,1768,137662,"[[11616, 855, 1768], np.float64(27.5324), np.int64(80), 3, 'Success']"
706,12415,4095863,"[[706, 225, 12315, 5199, 11890, 12415], np.float64(4219.86361), np.int64(304), 6, 'Failure']"
3017,3919,21129773,"[[3017, 52, 175, 78, 3919], np.float64(1164.38752), np.int64(116), 5, 'Success']"
6037,5703,7,"[[6037, 149, 6020, 4822, 5703], np.float64(0.00101), np.int64(368), 5, 'Success']"
1887,3235,72,"[[1887, 10921, 12325, 2508, 3235], np.float64(1.00179), np.int64(148), 5, 'Success']"
7856,5526,562,"[[7856, 6274, 21, 1816, 5526], np.float64(2.74593), np.int64(264), 5, 'Success']"
9047,10690,8343,"[[9047, 8768, 7218, 10294, 10690], np.float64(0.0), np.int64(472), 5, 'Success']"
9550,1390,23113,"[[9550, 32, 1390], np.float64(12.53339), np.int64(184), 3, 'Success']"
3822,9494,876121,"[[3822, 652, 4338, 1011, 9494], np.float64(212.37462), np.int64(160), 5, 'Failure']"
7967,3221,4918135,"[[7967, 142, 233, 3221], np.float64(2425.35283), np.int64(114), 4, 'Failure']"
11350,65,13572172,"[[11350, 321, 64, 65], np.float64(763.29238), np.int64(120), 4, 'Success']"
2899,1055,7,"[[2899, 36, 634, 1055], np.float64(5.007), np.int64(256), 4, 'Success']"
12560,7856,92,"[[12560, 314, 2223, 6274, 7856], np.float64(0.002), np.int64(368), 5, 'Success']"
11143,4178,601,"[[11143, 11057, 1121, 314, 4178], np.float64(1.80501), np.int64(472), 5, 'Success']"
6957,3627,7581,"[[6957, 6792, 48, 878, 3627], np.float64(9.11047), np.int64(160), 5, 'Success']"
2140,4328,32281,"[[2140, 2081, 36, 3083, 4328], np.float64(1.03228), np.int64(296), 5, 'Success']"
11695,8049,345619,"[[11695, 32, 8049], np.float64(173.46388), np.int64(184), 3, 'Success']"
10797,12148,1160253,"[[10797, 4379, 5916, 12148], np.float64(13.762789999999999), np.int64(114), 4, 'Failure']"
506,398,12541243,"[[506, 11935, 398], np.float64(251.82286), np.int64(80), 3, 'Failure']"
2860,7809,7,"[[2860, 3374, 3642, 7218, 7809], np.float64(0.00105), np.int64(264), 5, 'Success']"
12685,5079,80,"[[12685, 314, 2223, 4822, 5079], np.float64(0.002), np.int64(368), 5, 'Success']"
10385,5881,988,"[[10385, 10294, 124, 855, 5881], np.float64(3.39016), np.int64(264), 5, 'Success']"
2364,9917,8439,"[[2364, 11424, 1826, 32, 314, 9917], np.float64(7.246840000000001), np.int64(408), 6, 'Failure']"
9397,4306,43395,"[[9397, 638, 10195, 173, 4306], np.float64(6.723520000000001), np.int64(160), 5, 'Failure']"
12390,6918,991383,"[[12390, 996, 6918], np.float64(326.16501), np.int64(74), 3, 'Success']"
35,12089,1424817,"[[35, 52, 392, 12089], np.float64(83.03989), np.int64(224), 4, 'Failure']"
3086,301,13387028,"[[3086, 2124, 301], np.float64(4659.68574), np.int64(74), 3, 'Failure']"
3144,7983,10,"[[3144, 2, 48, 7983], np.float64(0.002), np.int64(98), 4, 'Success']"
5780,9036,19,"[[5780, 18, 10113, 8768, 9036], np.float64(1.00002), np.int64(264), 5, 'Success']"
12357,4363,360,"[[12357, 72, 36, 3083, 4363], np.float64(1.00036), np.int64(296), 5, 'Success']"
11348,12032,5449,"[[11348, 61, 5583, 1067, 12032], np.float64(8.05354), np.int64(264), 5, 'Success']"
4846,2509,84684,"[[4846, 4792, 167, 194, 2509], np.float64(8.553090000000001), np.int64(150), 5, 'Failure']"
6368,6265,184859,"[[6368, 9809, 5899, 5552, 6265], np.float64(4.21832), np.int64(264), 5, 'Failure']"
3400,8289,1801811,"[[3400, 652, 6980, 8289], np.float64(360.37571), np.int64(120), 4, 'Failure']"
5280,2661,10061215,"[[5280, 301, 445, 796, 2661], np.float64(33.18369), np.int64(160), 5, 'Failure']"
1168,8111,6,"[[1168, 1139, 8639, 638, 8111], np.float64(1.0318200000000002), np.int64(160), 5, 'Success']"
11891,11333,39,
8585,9850,213,"[[8585, 4792, 3181, 6144, 9850], np.float64(2.4000999999999997), np.int64(160), 5, 'Success']"
1553,12943,9687,"[[1553, 1456, 1468, 320, 2189, 9839, 12943], np.float64(6.49196), np.int64(240), 7, 'Failure']"
9233,4431,26592,"[[9233, 8768, 3065, 2584, 4431], np.float64(111.33732), np.int64(264), 5, 'Success']"
43,465,403067,"[[43, 371, 55, 465], np.float64(225.96439), np.int64(109), 4, 'Failure']"
367,8595,3673089,"[[367, 321, 445, 8595], np.float64(9.34618), np.int64(120), 4, 'Success']"
4491,445,12713453,"[[4491, 175, 445], np.float64(3928.34352), np.int64(80), 3, 'Failure']"
2149,4730,6,"[[2149, 609, 858, 5899, 4730], np.float64(3.0000000000000004e-05), np.int64(264), 5, 'Success']"
7484,8236,100,"[[7484, 7218, 3642, 9511, 8637, 8236], np.float64(0.34635000000000005), np.int64(304), 6, 'Success']"
5667,5320,409,"[[5667, 1139, 6219, 314, 5320], np.float64(0.00364), np.int64(264), 5, 'Success']"
9331,842,4291,"[[9331, 167, 8411, 801, 842], np.float64(12.92034), np.int64(144), 5, 'Success']"
7356,9227,35750,"[[7356, 6274, 8768, 9227], np.float64(0.0), np.int64(328), 4, 'Success']"
3974,1346,992533,"[[3974, 321, 1346], np.float64(1.99253), np.int64(80), 3, 'Success']"
4417,87,1090085,"[[4417, 609, 87], np.float64(109.0085), np.int64(184), 3, 'Success']"
12,507,13755365,"[[12, 173, 174, 507], np.float64(758.79508), np.int64(98), 4, 'Success']"
4874,6067,8,"[[4874, 3437, 4792, 604, 169, 6067], np.float64(1.0017500000000001), np.int64(282), 6, 'Success']"
5704,9425,50,"[[5704, 4822, 3159, 855, 9425], np.float64(0.16053), np.int64(264), 5, 'Success']"
8288,5324,386,"[[8288, 5489, 612, 5101, 5324], np.float64(2.0011699999999997), np.int64(160), 5, 'Success']"
688,9476,9910,"[[688, 18, 3018, 9476], np.float64(2.01982), np.int64(120), 4, 'Failure']"
9206,11046,26156,"[[9206, 8768, 5773, 6621, 11046], np.float64(82.27204), np.int64(264), 5, 'Failure']"
577,10317,847846,"[[577, 218, 148, 10317], np.float64(113.76406999999999), np.int64(120), 4, 'Success']"
3969,2904,9707557,"[[3969, 612, 233, 2904], np.float64(39.3227), np.int64(114), 4, 'Success']"
61,8595,30638731,"[[61, 321, 445, 8595], np.float64(63.27749), np.int64(120), 4, 'Success']"
11215,13040,2,"[[11215, 11057, 1121, 32, 13040], np.float64(1.0099999999999998), np.int64(472), 5, 'Success']"
3392,9572,69,"[[3392, 600, 12315, 8539, 9572], np.float64(3.7165699999999995), np.int64(258), 5, 'Success']"
7834,8414,491,"[[7834, 7218, 36, 609, 8414], np.float64(1.5222499999999999), np.int64(296), 5, 'Success']"
10708,12096,8569,"[[10708, 10294, 2223, 167, 12096], np.float64(26.136740000000003), np.int64(254), 5, 'Success']"
8858,8857,53054,"[[8858, 855, 8857], np.float64(10.6108), np.int64(80), 3, 'Success']"
3963,9751,176908,"[[3963, 32, 9151, 9751], np.float64(89.27709), np.int64(224), 4, 'Failure']"
6770,3633,1252874,"[[6770, 4792, 5165, 3633], np.float64(70.16101), np.int64(120), 4, 'Failure']"
5002,2877,13297895,"[[5002, 420, 2721, 2877], np.float64(3338.77497), np.int64(120), 4, 'Failure']"
12441,5693,10,"[[12441, 1983, 10113, 4822, 5693], np.float64(0.0018), np.int64(264), 5, 'Failure']"
7798,4986,59,"[[7798, 7218, 6000, 5972, 4261, 4985, 4986], np.float64(1.18806), np.int64(344), 7, 'Success']"
1604,12397,364,"[[1604, 600, 61, 78, 12397], np.float64(18.16131), np.int64(138), 5, 'Success']"
10306,5235,3148,"[[10306, 314, 2223, 4822, 5235], np.float64(0.002), np.int64(368), 5, 'Success']"
1522,2939,50412,"[[1522, 1236, 570, 18, 2939], np.float64(2.0504100000000003), np.int64(142), 5, 'Success']"
93,2987,311349,"[[93, 233, 370, 2987], np.float64(4.736199999999999), np.int64(114), 4, 'Failure']"
5721,12567,1655931,"[[5721, 91, 445, 12567], np.float64(1659.0895899999998), np.int64(280), 4, 'Success']"
488,692,17645145,"[[488, 91, 692], np.float64(17645.645), np.int64(224), 3, 'Failure']"
11886,10027,5,"[[11886, 293, 2537, 320, 10027], np.float64(1.00081), np.int64(160), 5, 'Success']"
9598,3697,52,"[[9598, 9626, 10501, 3697], np.float64(0.01295), np.int64(120), 4, 'Success']"
1168,1554,798,"[[1168, 1139, 3832, 167, 1534, 1554], np.float64(1.0119899999999997), np.int64(190), 6, 'Success']"
12844,2222,7714,"[[12844, 12968, 12768, 894, 2222], np.float64(4.94472), np.int64(154), 5, 'Success']"
4004,10145,42721,"[[4004, 2048, 2689, 21, 10145], np.float64(26.54329), np.int64(160), 5, 'Failure']"
6627,11786,194646,"[[6627, 32, 18, 11786], np.float64(99.3236), np.int64(224), 4, 'Success']"
3843,12471,2051596,"[[3843, 463, 12325, 10, 12471], np.float64(2055.64965), np.int64(154), 5, 'Failure']"
3740,6171,13876604,"[[3740, 61, 177, 6171], np.float64(765.46322), np.int64(98), 4, 'Failure']"
3244,207,10,"[[3244, 855, 207], np.float64(0.002), np.int64(80), 3, 'Success']"
8925,7418,42,"[[8925, 8768, 6274, 7418], np.float64(0.0), np.int64(328), 4, 'Success']"
12840,5977,801,"[[12840, 12445, 2362, 4792, 5977], np.float64(0.66176), np.int64(162), 5, 'Success']"
2239,5562,4929,"[[2239, 32, 5562], np.float64(3.45957), np.int64(184), 3, 'Success']"
6235,1833,94181,"[[6235, 612, 1833], np.float64(1.09418), np.int64(80), 3, 'Failure']"
1881,13004,233720,"[[1881, 2048, 398, 13004], np.float64(48.97797), np.int64(120), 4, 'Success']"
8181,6394,3009140,"[[8181, 233, 148, 5955, 6394], np.float64(792.4484699999999), np.int64(154), 5, 'Failure']"
884,5972,12704359,"[[884, 3134, 445, 5972], np.float64(332.31368000000003), np.int64(120), 4, 'Failure']"
12982,8223,8,"[[12982, 167, 3919, 313, 8223], np.float64(1.00264), np.int64(144), 5, 'Success']"
11040,9207,57,"[[11040, 10294, 7218, 8768, 9207], np.float64(0.0), np.int64(472), 5, 'Success']"
3847,73,647,"[[3847, 173, 73], np.float64(0.0), np.int64(58), 3, 'Success']"
665,6020,5526,"[[665, 664, 18, 6020], np.float64(2.01106), np.int64(120), 4, 'Success']"
6920,10556,33854,"[[6920, 48, 12445, 10556], np.float64(14.89691), np.int64(122), 4, 'Success']"
10197,8240,231975,"[[10197, 10196, 664, 2, 886, 5642, 8240], np.float64(27.12661), np.int64(218), 7, 'Failure']"
4745,3987,1275017,"[[4745, 175, 64, 2223, 3987], np.float64(301.89162), np.int64(138), 5, 'Success']"
4767,41,10376426,"[[4767, 2562, 796, 445, 41], np.float64(95.38801000000001), np.int64(154), 5, 'Failure']"
9588,1485,1,"[[9588, 9511, 547, 1236, 1485], np.float64(0.0030900000000000003), np.int64(540), 5, 'Success']"
3346,7623,88,"[[3346, 5858, 6000, 7218, 7623], np.float64(0.01302), np.int64(264), 5, 'Success']"
8747,9859,155,"[[8747, 32, 18, 9859], np.float64(2.07799), np.int64(224), 4, 'Success']"
41,10720,9943,"[[41, 2, 7218, 10294, 10720], np.float64(0.0), np.int64(346), 5, 'Success']"
6790,3597,23072,"[[6790, 48, 4076, 3597], np.float64(6.0299700000000005), np.int64(120), 4, 'Failure']"
13088,2662,891161,"[[13088, 50, 6980, 2662], np.float64(95.82436), np.int64(120), 4, 'Failure']"
11289,599,5172960,"[[11289, 3292, 233, 460, 599], np.float64(74.52671000000001), np.int64(134), 5, 'Failure']"
303,2078,16194814,"[[303, 445, 2078], np.float64(1620.4814), np.int64(184), 3, 'Failure']"
6718,8914,8,"[[6718, 1579, 7011, 6020, 8768, 8914], np.float64(3.0000000000000004e-05), np.int64(304), 6, 'Success']"
2893,8972,34,"[[2893, 2615, 7396, 6020, 8768, 8972], np.float64(1.00683), np.int64(304), 6, 'Success']"
5510,12497,475,"[[5510, 4822, 21, 12497], np.float64(2.42848), np.int64(224), 4, 'Success']"
6503,1710,5088,"[[6503, 167, 645, 3065, 1032, 1710], np.float64(17.473489999999998), np.int64(184), 6, 'Success']"
1033,2610,16626,"[[1033, 4682, 18, 2610], np.float64(1.7482199999999999), np.int64(108), 4, 'Success']"
1283,5784,685358,"[[1283, 9409, 855, 5784], np.float64(3567.0469599999997), np.int64(120), 4, 'Success']"
433,4730,4415589,"[[433, 321, 653, 4730], np.float64(10.83118), np.int64(120), 4, 'Success']"
4312,12720,36339949,"[[4312, 172, 321, 2270, 12720], np.float64(29815.37267), np.int64(264), 5, 'Failure']"
5011,8987,9,"[[5011, 2364, 600, 2223, 8768, 8987], np.float64(1.00901), np.int64(304), 6, 'Success']"
5939,10538,41,"[[5939, 2938, 549, 2043, 10538], np.float64(1.01751), np.int64(150), 5, 'Success']"
8484,5877,915,"[[8484, 26, 88, 5877], np.float64(2.66724), np.int64(114), 4, 'Success']"
3498,9020,3681,"[[3498, 167, 2223, 8768, 9020], np.float64(0.00368), np.int64(254), 5, 'Success']"
11457,8003,38118,"[[11457, 10917, 233, 600, 8003], np.float64(115.84505999999999), np.int64(154), 5, 'Success']"
514,12737,813858,"[[514, 142, 12315, 12737], np.float64(1213.08154), np.int64(224), 4, 'Failure']"
213,11190,2665316,"[[213, 50, 5975, 398, 11190], np.float64(219.14456), np.int64(162), 5, 'Failure']"
63,1565,11323758,"[[63, 321, 12315, 1565], np.float64(11336.09308), np.int64(224), 4, 'Success']"
9873,10287,8,"[[9873, 84, 855, 10287], np.float64(1.0016100000000001), np.int64(120), 4, 'Success']"
6980,1620,40,"[[6980, 4076, 1236, 1620], np.float64(0.121), np.int64(120), 4, 'Success']"
11185,5635,986,"[[11185, 314, 124, 5634, 5635], np.float64(0.27809), np.int64(264), 5, 'Success']"
10175,8484,9799,"[[10175, 91, 2702, 26, 8484], np.float64(1.89336), np.int64(314), 5, 'Success']"
1730,11585,26752,"[[1730, 924, 1139, 11585], np.float64(160.75277), np.int64(120), 4, 'Failure']"
8141,9766,796260,"[[8141, 53, 167, 9766], np.float64(46.840599999999995), np.int64(120), 4, 'Success']"
4084,11886,2066277,"[[4084, 175, 293, 11886], np.float64(1731.29729), np.int64(114), 4, 'Success']"
6784,3101,17852587,"[[6784, 2573, 6587, 2597, 3101], np.float64(18766.980409999996), np.int64(336), 5, 'Failure']"
1981,10712,2,"[[1981, 9550, 2223, 10294, 10712], np.float64(6e-05), np.int64(264), 5, 'Success']"
6236,2996,42,"[[6236, 4749, 32, 2996], np.float64(1.0218200000000002), np.int64(224), 4, 'Success']"
7243,535,622,"[[7243, 6274, 3642, 167, 535], np.float64(1.8666200000000002), np.int64(254), 5, 'Success']"
363,8377,3749,"[[363, 48, 32, 8377], np.float64(3.24594), np.int64(218), 4, 'Success']"
2313,11131,10039,"[[2313, 320, 124, 11057, 11131], np.float64(3.31901), np.int64(264), 5, 'Success']"
6627,142,908327,"[[6627, 233, 142], np.float64(11.40665), np.int64(74), 3, 'Success']"
8289,11671,3823338,"[[8289, 11317, 855, 11671], np.float64(1721.69327), np.int64(120), 4, 'Success']"
4312,6562,10891815,"[[4312, 172, 321, 2189, 6562], np.float64(2428.98818), np.int64(160), 5, 'Success']"
2147,1674,1,"[[2147, 1067, 2425, 36, 1672, 1674], np.float64(0.004), np.int64(336), 6, 'Success']"
2172,6018,57,"[[2172, 609, 19, 233, 6018], np.float64(0.00131), np.int64(132), 5, 'Success']"
12976,6156,332,"[[12976, 1139, 3905, 855, 6156], np.float64(0.07005), np.int64(160), 5, 'Success']"
10986,12498,9714,
767,2925,23236,"[[767, 32, 2672, 2925], np.float64(22.57054), np.int64(224), 4, 'Success']"
2965,11663,668710,"[[2965, 1609, 12206, 5778, 11663], np.float64(1756.8303799999999), np.int64(154), 5, 'Failure']"
9658,3743,4859612,"[[9658, 12325, 53, 3743], np.float64(269.52866), np.int64(114), 4, 'Failure']"
141,1984,16762197,"[[141, 6722, 48, 1984], np.float64(1676.2197), np.int64(120), 4, 'Failure']"
6495,11417,1,"[[6495, 1139, 8688, 463, 11417], np.float64(0.0035), np.int64(160), 5, 'Success']"
4424,10353,13,"[[4424, 5043, 2223, 10294, 10353], np.float64(0.00624), np.int64(264), 5, 'Success']"
7986,9208,288,"[[7986, 18, 10113, 8768, 9208], np.float64(1.00029), np.int64(264), 5, 'Success']"
825,8920,4557,"[[825, 801, 6020, 8768, 8920], np.float64(1.00456), np.int64(264), 5, 'Success']"
2040,9738,65453,"[[2040, 2007, 1605, 18, 66, 9738], np.float64(8.5463), np.int64(304), 6, 'Success']"
211,3736,854065,"[[211, 32, 6653, 3736], np.float64(556.35261), np.int64(224), 4, 'Failure']"
397,10117,3170919,"[[397, 2223, 855, 10117], np.float64(5305.88164), np.int64(120), 4, 'Success']"
9488,3784,56812820,"[[9488, 12315, 177, 3784], np.float64(69333.14822), np.int64(224), 4, 'Failure']"
